city,reviews
"in Providence, RI",4.5 star rating
"in Providence, RI",4 star rating
"in Providence, RI",4 star rating
"in Providence, RI",3 star rating
"in Providence, RI",3.5 star rating
"in Providence, RI",4 star rating
"in Providence, RI",4 star rating
"in Providence, RI",4.5 star rating
"in Providence, RI",4 star rating
"in Providence, RI",4 star rating
"in Providence, RI",4 star rating
"in Providence, RI",3.5 star rating
"in Providence, RI",3.5 star rating
"in Providence, RI",4 star rating
"in Providence, RI",3.5 star rating
"in Providence, RI",4 star rating
"in Providence, RI",3 star rating
"in Providence, RI",4.5 star rating
"in Providence, RI",4 star rating
"in Providence, RI",4.5 star rating
"in Providence, RI",4 star rating
"in Providence, RI",4 star rating
"in Providence, RI",4 star rating
"in Providence, RI",5 star rating
"in Providence, RI",3 star rating
"in Providence, RI",3.5 star rating
"in Providence, RI",4.5 star rating
"in Providence, RI",4 star rating
"in Providence, RI",3.5 star rating
"in Baton Rouge, LA",3.5 star rating
"in Baton Rouge, LA",2 star rating
"in Baton Rouge, LA",3.5 star rating
"in Baton Rouge, LA",4.5 star rating
"in Baton Rouge, LA",4 star rating
"in Baton Rouge, LA",4 star rating
"in Baton Rouge, LA",3 star rating
"in Baton Rouge, LA",4 star rating
"in Baton Rouge, LA",4.5 star rating
"in Baton Rouge, LA",4 star rating
"in Baton Rouge, LA",3 star rating
"in Baton Rouge, LA",4.5 star rating
"in Baton Rouge, LA",4.5 star rating
"in Baton Rouge, LA",2.5 star rating
"in Baton Rouge, LA",4 star rating
"in Baton Rouge, LA",4 star rating
"in Baton Rouge, LA",4.5 star rating
"in Baton Rouge, LA",3 star rating
"in Baton Rouge, LA",4 star rating
"in Baton Rouge, LA",4 star rating
"in Baton Rouge, LA",4.5 star rating
"in Baton Rouge, LA",4 star rating
"in Baton Rouge, LA",3.5 star rating
"in Baton Rouge, LA",3.5 star rating
"in Baton Rouge, LA",3.5 star rating
"in Baton Rouge, LA",4.5 star rating
"in Baton Rouge, LA",4 star rating
"in Baton Rouge, LA",4 star rating
"in Baton Rouge, LA",3.5 star rating
"in Providence, RI",3.5 star rating
"in Providence, RI",4.5 star rating
"in Providence, RI",4 star rating
"in Providence, RI",4 star rating
"in Providence, RI",4.5 star rating
"in Providence, RI",4 star rating
"in Providence, RI",4 star rating
"in Providence, RI",4 star rating
"in Providence, RI",4.5 star rating
"in Providence, RI",4.5 star rating
"in Providence, RI",4 star rating
"in Providence, RI",4 star rating
"in Providence, RI",4.5 star rating
"in Providence, RI",4 star rating
"in Providence, RI",4.5 star rating
"in Providence, RI",4 star rating
"in Providence, RI",3.5 star rating
"in Providence, RI",4.5 star rating
"in Providence, RI",4.5 star rating
"in Providence, RI",4 star rating
"in Providence, RI",4 star rating
"in Providence, RI",4 star rating
"in Providence, RI",4 star rating
"in Providence, RI",4.5 star rating
"in Providence, RI",3.5 star rating
"in Providence, RI",4 star rating
"in Providence, RI",4 star rating
"in Providence, RI",4 star rating
"in Providence, RI",4.5 star rating
"in Providence, RI",4.5 star rating
"in Providence, RI",3.5 star rating
"in Providence, RI",5 star rating
"in Baton Rouge, LA",4.5 star rating
"in Baton Rouge, LA",4 star rating
"in Baton Rouge, LA",4 star rating
"in Baton Rouge, LA",3.5 star rating
"in Baton Rouge, LA",4 star rating
"in Baton Rouge, LA",3.5 star rating
"in Baton Rouge, LA",4.5 star rating
"in Baton Rouge, LA",4 star rating
"in Baton Rouge, LA",4 star rating
"in Baton Rouge, LA",4 star rating
"in Baton Rouge, LA",3.5 star rating
"in Baton Rouge, LA",3.5 star rating
"in Baton Rouge, LA",4 star rating
"in Baton Rouge, LA",3 star rating
"in Baton Rouge, LA",3.5 star rating
"in Baton Rouge, LA",3 star rating
"in Baton Rouge, LA",3.5 star rating
"in Baton Rouge, LA",4 star rating
"in Baton Rouge, LA",4 star rating
"in Baton Rouge, LA",3.5 star rating
"in Baton Rouge, LA",4.5 star rating
"in Baton Rouge, LA",4.5 star rating
"in Baton Rouge, LA",4 star rating
"in Baton Rouge, LA",4 star rating
"in Baton Rouge, LA",3.5 star rating
"in Baton Rouge, LA",4 star rating
"in Baton Rouge, LA",4 star rating
"in Baton Rouge, LA",4 star rating
"in Baton Rouge, LA",3.5 star rating
"in Baton Rouge, LA",4 star rating
"in Baton Rouge, LA",4 star rating
"in Baton Rouge, LA",3.5 star rating
"in Baton Rouge, LA",3.5 star rating
"in Baton Rouge, LA",4 star rating
"in Baton Rouge, LA",4.5 star rating
"in Baton Rouge, LA",4 star rating
"in Baton Rouge, LA",4 star rating
"in Baton Rouge, LA",3.5 star rating
"in Baton Rouge, LA",3.5 star rating
"in Baton Rouge, LA",4 star rating
"in Baton Rouge, LA",4 star rating
"in Baton Rouge, LA",3.5 star rating
"in Baton Rouge, LA",4 star rating
"in Baton Rouge, LA",3.5 star rating
"in Baton Rouge, LA",4.5 star rating
"in Baton Rouge, LA",4 star rating
"in Baton Rouge, LA",4.5 star rating
"in Baton Rouge, LA",4.5 star rating
"in Baton Rouge, LA",4 star rating
"in Baton Rouge, LA",4 star rating
"in Baton Rouge, LA",4 star rating
"in Baton Rouge, LA",4.5 star rating
"in Baton Rouge, LA",3 star rating
"in Baton Rouge, LA",4 star rating
"in Baton Rouge, LA",4 star rating
"in Baton Rouge, LA",4 star rating
"in Baton Rouge, LA",3 star rating
"in Baton Rouge, LA",4 star rating
"in Baton Rouge, LA",3.5 star rating
"in Baton Rouge, LA",3.5 star rating
"in Baton Rouge, LA",4.5 star rating
"in Baton Rouge, LA",3 star rating
"in Baton Rouge, LA",4.5 star rating
"in Baton Rouge, LA",4 star rating
"in Baton Rouge, LA",3.5 star rating
"in Baton Rouge, LA",4 star rating
"in Baton Rouge, LA",4.5 star rating
"in Baton Rouge, LA",4.5 star rating
"in Baton Rouge, LA",4.5 star rating
"in Baton Rouge, LA",4 star rating
"in Baton Rouge, LA",4 star rating
"in Baton Rouge, LA",4 star rating
"in Baton Rouge, LA",4 star rating
"in Baton Rouge, LA",4 star rating
"in Baton Rouge, LA",4 star rating
"in Baton Rouge, LA",3.5 star rating
"in Baton Rouge, LA",3.5 star rating
"in Baton Rouge, LA",3.5 star rating
"in Baton Rouge, LA",4.5 star rating
"in Baton Rouge, LA",3.5 star rating
"in Baton Rouge, LA",3.5 star rating
"in Baton Rouge, LA",3.5 star rating
"in Baton Rouge, LA",4.5 star rating
"in Baton Rouge, LA",4.5 star rating
"in Baton Rouge, LA",4.5 star rating
"in Baton Rouge, LA",3.5 star rating
"in Baton Rouge, LA",3 star rating
"in Baton Rouge, LA",4 star rating
"in Baton Rouge, LA",4 star rating
"in Baton Rouge, LA",4 star rating
"in Baton Rouge, LA",3 star rating
"in Baton Rouge, LA",4 star rating
"in Baton Rouge, LA",4 star rating
"in Grand Rapids, MI",3.5 star rating
"in Grand Rapids, MI",4 star rating
"in Grand Rapids, MI",4 star rating
"in Grand Rapids, MI",3 star rating
"in Grand Rapids, MI",3 star rating
"in Grand Rapids, MI",4 star rating
"in Grand Rapids, MI",4 star rating
"in Grand Rapids, MI",4 star rating
"in Grand Rapids, MI",4.5 star rating
"in Grand Rapids, MI",4.5 star rating
"in Grand Rapids, MI",4.5 star rating
"in Grand Rapids, MI",4 star rating
"in Grand Rapids, MI",4.5 star rating
"in Grand Rapids, MI",3 star rating
"in Grand Rapids, MI",3.5 star rating
"in Grand Rapids, MI",4.5 star rating
"in Grand Rapids, MI",3 star rating
"in Grand Rapids, MI",4 star rating
"in Grand Rapids, MI",2.5 star rating
"in Grand Rapids, MI",4.5 star rating
"in Grand Rapids, MI",4.5 star rating
"in Grand Rapids, MI",4 star rating
"in Grand Rapids, MI",4 star rating
"in Grand Rapids, MI",3.5 star rating
"in Grand Rapids, MI",3.5 star rating
"in Grand Rapids, MI",4 star rating
"in Grand Rapids, MI",3.5 star rating
"in Grand Rapids, MI",3 star rating
"in Grand Rapids, MI",3.5 star rating
"in Grand Rapids, MI",3 star rating
"in Grand Rapids, MI",4 star rating
"in Grand Rapids, MI",4 star rating
"in Grand Rapids, MI",4 star rating
"in Grand Rapids, MI",4 star rating
"in Grand Rapids, MI",4.5 star rating
"in Grand Rapids, MI",4 star rating
"in Grand Rapids, MI",4 star rating
"in Grand Rapids, MI",4 star rating
"in Grand Rapids, MI",4 star rating
"in Grand Rapids, MI",4 star rating
"in Grand Rapids, MI",3.5 star rating
"in Grand Rapids, MI",4 star rating
"in Grand Rapids, MI",4 star rating
"in Grand Rapids, MI",4 star rating
"in Grand Rapids, MI",4 star rating
"in Grand Rapids, MI",4 star rating
"in Grand Rapids, MI",4 star rating
"in Grand Rapids, MI",3 star rating
"in Grand Rapids, MI",4.5 star rating
"in Grand Rapids, MI",4 star rating
"in Grand Rapids, MI",4 star rating
"in Grand Rapids, MI",4 star rating
"in Grand Rapids, MI",4 star rating
"in Grand Rapids, MI",4 star rating
"in Grand Rapids, MI",4 star rating
"in Grand Rapids, MI",4 star rating
"in Grand Rapids, MI",4 star rating
"in Grand Rapids, MI",4.5 star rating
"in Grand Rapids, MI",3.5 star rating
"in Grand Rapids, MI",4 star rating
"in Grand Rapids, MI",4 star rating
"in Grand Rapids, MI",4 star rating
"in Grand Rapids, MI",4 star rating
"in Grand Rapids, MI",4 star rating
"in Grand Rapids, MI",4 star rating
"in Grand Rapids, MI",3.5 star rating
"in Grand Rapids, MI",3.5 star rating
"in Grand Rapids, MI",4.5 star rating
"in Grand Rapids, MI",4 star rating
"in Grand Rapids, MI",4 star rating
"in Grand Rapids, MI",3.5 star rating
"in Grand Rapids, MI",4 star rating
"in Grand Rapids, MI",4 star rating
"in Grand Rapids, MI",3 star rating
"in Grand Rapids, MI",4 star rating
"in Grand Rapids, MI",4 star rating
"in Grand Rapids, MI",4 star rating
"in Grand Rapids, MI",4 star rating
"in Grand Rapids, MI",3.5 star rating
"in Grand Rapids, MI",4.5 star rating
"in Grand Rapids, MI",4.5 star rating
"in Grand Rapids, MI",3 star rating
"in Grand Rapids, MI",3.5 star rating
"in Grand Rapids, MI",3 star rating
"in Grand Rapids, MI",4 star rating
"in Grand Rapids, MI",3.5 star rating
"in Grand Rapids, MI",3 star rating
"in Grand Rapids, MI",4.5 star rating
"in Grand Rapids, MI",3.5 star rating
"in Grand Rapids, MI",4.5 star rating
"in Grand Rapids, MI",4 star rating
"in Grand Rapids, MI",4 star rating
"in Grand Rapids, MI",4 star rating
"in Grand Rapids, MI",3.5 star rating
"in Grand Rapids, MI",4 star rating
"in Grand Rapids, MI",3.5 star rating
"in Grand Rapids, MI",3.5 star rating
"in Grand Rapids, MI",4 star rating
"in Grand Rapids, MI",4 star rating
"in Grand Rapids, MI",4 star rating
"in Grand Rapids, MI",4.5 star rating
"in Grand Rapids, MI",4.5 star rating
"in Grand Rapids, MI",4 star rating
"in Grand Rapids, MI",4.5 star rating
"in Grand Rapids, MI",4 star rating
"in Grand Rapids, MI",4.5 star rating
"in Grand Rapids, MI",4.5 star rating
"in Grand Rapids, MI",4 star rating
"in Grand Rapids, MI",4 star rating
"in Grand Rapids, MI",4 star rating
"in Grand Rapids, MI",4.5 star rating
"in Grand Rapids, MI",4.5 star rating
"in Grand Rapids, MI",4 star rating
"in Grand Rapids, MI",4.5 star rating
"in Grand Rapids, MI",4 star rating
"in Grand Rapids, MI",3.5 star rating
"in Grand Rapids, MI",4 star rating
"in Grand Rapids, MI",4 star rating
"in Grand Rapids, MI",4 star rating
"in Grand Rapids, MI",4 star rating
"in Grand Rapids, MI",4 star rating
"in Grand Rapids, MI",4.5 star rating
"in Grand Rapids, MI",4 star rating
"in Grand Rapids, MI",4.5 star rating
"in Grand Rapids, MI",4 star rating
"in Grand Rapids, MI",4 star rating
"in Grand Rapids, MI",4.5 star rating
"in Grand Rapids, MI",4 star rating
"in Tacoma, WA",4 star rating
"in Tacoma, WA",3.5 star rating
"in Tacoma, WA",3 star rating
"in Tacoma, WA",3.5 star rating
"in Tacoma, WA",3.5 star rating
"in Tacoma, WA",3.5 star rating
"in Tacoma, WA",2.5 star rating
"in Tacoma, WA",4.5 star rating
"in Tacoma, WA",4 star rating
"in Tacoma, WA",4 star rating
"in Tacoma, WA",3.5 star rating
"in Tacoma, WA",2.5 star rating
"in Tacoma, WA",4 star rating
"in Tacoma, WA",4.5 star rating
"in Tacoma, WA",3.5 star rating
"in Tacoma, WA",4.5 star rating
"in Tacoma, WA",4 star rating
"in Tacoma, WA",4 star rating
"in Tacoma, WA",4 star rating
"in Tacoma, WA",3 star rating
"in Tacoma, WA",3.5 star rating
"in Tacoma, WA",4.5 star rating
"in Tacoma, WA",3.5 star rating
"in Tacoma, WA",3 star rating
"in Tacoma, WA",3.5 star rating
"in Tacoma, WA",4 star rating
"in Tacoma, WA",4 star rating
"in Tacoma, WA",4.5 star rating
"in Tacoma, WA",4 star rating
"in Tacoma, WA",4.5 star rating
"in Tacoma, WA",4 star rating
"in Tacoma, WA",4.5 star rating
"in Tacoma, WA",4 star rating
"in Tacoma, WA",4 star rating
"in Tacoma, WA",3 star rating
"in Tacoma, WA",3 star rating
"in Tacoma, WA",3 star rating
"in Tacoma, WA",4 star rating
"in Tacoma, WA",3 star rating
"in Tacoma, WA",3.5 star rating
"in Tacoma, WA",3 star rating
"in Tacoma, WA",4 star rating
"in Tacoma, WA",3 star rating
"in Tacoma, WA",4 star rating
"in Tacoma, WA",3.5 star rating
"in Tacoma, WA",4 star rating
"in Tacoma, WA",4.5 star rating
"in Tacoma, WA",4 star rating
"in Tacoma, WA",4 star rating
"in Tacoma, WA",4 star rating
"in Tacoma, WA",4 star rating
"in Tacoma, WA",4 star rating
"in Tacoma, WA",4 star rating
"in Tacoma, WA",4 star rating
"in Tacoma, WA",4.5 star rating
"in Tacoma, WA",4 star rating
"in Tacoma, WA",3 star rating
"in Tacoma, WA",3.5 star rating
"in Tacoma, WA",4.5 star rating
"in Tacoma, WA",3.5 star rating
"in Tacoma, WA",4 star rating
"in Tacoma, WA",3 star rating
"in Tacoma, WA",4.5 star rating
"in Tacoma, WA",3.5 star rating
"in Tacoma, WA",3 star rating
"in Tacoma, WA",3.5 star rating
"in Tacoma, WA",2.5 star rating
"in Tacoma, WA",4 star rating
"in Tacoma, WA",3.5 star rating
"in Tacoma, WA",4 star rating
"in Tacoma, WA",4.5 star rating
"in Tacoma, WA",4 star rating
"in Tacoma, WA",4.5 star rating
"in Tacoma, WA",3.5 star rating
"in Tacoma, WA",3 star rating
"in Tacoma, WA",4.5 star rating
"in Tacoma, WA",5 star rating
"in Tacoma, WA",4 star rating
"in Tacoma, WA",4 star rating
"in Tacoma, WA",4.5 star rating
"in Tacoma, WA",3.5 star rating
"in Tacoma, WA",4.5 star rating
"in Tacoma, WA",4.5 star rating
"in Tacoma, WA",3.5 star rating
"in Tacoma, WA",3 star rating
"in Tacoma, WA",3.5 star rating
"in Tacoma, WA",3.5 star rating
"in Tacoma, WA",4 star rating
"in Tacoma, WA",4 star rating
"in Tacoma, WA",4 star rating
"in Tacoma, WA",4 star rating
"in Tacoma, WA",4 star rating
"in Tacoma, WA",4 star rating
"in Tacoma, WA",4 star rating
"in Tacoma, WA",4.5 star rating
"in Tacoma, WA",4.5 star rating
"in Tacoma, WA",4 star rating
"in Tacoma, WA",4.5 star rating
"in Tacoma, WA",4 star rating
"in Tacoma, WA",4.5 star rating
"in Tacoma, WA",3.5 star rating
"in Tacoma, WA",4 star rating
"in Tacoma, WA",3.5 star rating
"in Tacoma, WA",3 star rating
"in Tacoma, WA",4 star rating
"in Tacoma, WA",3.5 star rating
"in Tacoma, WA",4 star rating
"in Tacoma, WA",4 star rating
"in Tacoma, WA",4 star rating
"in Tacoma, WA",3.5 star rating
"in Tacoma, WA",4 star rating
"in Tacoma, WA",3 star rating
"in Tacoma, WA",3.5 star rating
"in Tacoma, WA",5 star rating
"in Tacoma, WA",3.5 star rating
"in Tacoma, WA",2 star rating
"in Worcester, MA",3.5 star rating
"in Worcester, MA",3.5 star rating
"in Worcester, MA",4 star rating
"in Worcester, MA",3.5 star rating
"in Worcester, MA",4 star rating
"in Worcester, MA",3.5 star rating
"in Worcester, MA",4.5 star rating
"in Worcester, MA",4.5 star rating
"in Worcester, MA",3.5 star rating
"in Worcester, MA",4.5 star rating
"in Worcester, MA",2.5 star rating
"in Worcester, MA",3 star rating
"in Worcester, MA",3 star rating
"in Worcester, MA",4 star rating
"in Worcester, MA",3.5 star rating
"in Worcester, MA",4 star rating
"in Worcester, MA",4.5 star rating
"in Worcester, MA",2.5 star rating
"in Worcester, MA",3.5 star rating
"in Worcester, MA",4 star rating
"in Worcester, MA",3.5 star rating
"in Worcester, MA",4.5 star rating
"in Worcester, MA",3.5 star rating
"in Worcester, MA",3.5 star rating
"in Worcester, MA",4 star rating
"in Worcester, MA",4 star rating
"in Worcester, MA",4 star rating
"in Worcester, MA",2.5 star rating
"in Worcester, MA",3.5 star rating
"in Worcester, MA",4 star rating
"in Worcester, MA",2 star rating
"in Worcester, MA",4.5 star rating
"in Worcester, MA",4 star rating
"in Worcester, MA",3.5 star rating
"in Worcester, MA",4.5 star rating
"in Worcester, MA",3.5 star rating
"in Worcester, MA",4.5 star rating
"in Worcester, MA",4 star rating
"in Worcester, MA",3 star rating
"in Worcester, MA",4 star rating
"in Worcester, MA",4 star rating
"in Worcester, MA",3.5 star rating
"in Worcester, MA",3.5 star rating
"in Worcester, MA",4 star rating
"in Worcester, MA",4.5 star rating
"in Worcester, MA",3 star rating
"in Worcester, MA",2.5 star rating
"in Worcester, MA",3.5 star rating
"in Worcester, MA",3 star rating
"in Worcester, MA",4 star rating
"in Worcester, MA",4 star rating
"in Worcester, MA",3.5 star rating
"in Worcester, MA",4 star rating
"in Worcester, MA",4 star rating
"in Worcester, MA",4 star rating
"in Worcester, MA",4 star rating
"in Worcester, MA",3 star rating
"in Worcester, MA",4 star rating
"in Worcester, MA",4 star rating
"in Worcester, MA",4.5 star rating
"in Worcester, MA",4.5 star rating
"in Worcester, MA",3.5 star rating
"in Worcester, MA",2.5 star rating
"in Worcester, MA",4 star rating
"in Tallahassee, FL",4 star rating
"in Tallahassee, FL",4 star rating
"in Tallahassee, FL",4.5 star rating
"in Tallahassee, FL",4 star rating
"in Tallahassee, FL",4.5 star rating
"in Tallahassee, FL",4 star rating
"in Tallahassee, FL",4 star rating
"in Tallahassee, FL",3.5 star rating
"in Tallahassee, FL",3.5 star rating
"in Tallahassee, FL",2.5 star rating
"in Tallahassee, FL",3.5 star rating
"in Tallahassee, FL",3 star rating
"in Tallahassee, FL",4 star rating
"in Tallahassee, FL",5 star rating
"in Tallahassee, FL",3.5 star rating
"in Tallahassee, FL",4 star rating
"in Tallahassee, FL",4.5 star rating
"in Tallahassee, FL",3 star rating
"in Tallahassee, FL",3.5 star rating
"in Tallahassee, FL",3 star rating
"in Tallahassee, FL",3.5 star rating
"in Tallahassee, FL",4 star rating
"in Tallahassee, FL",4 star rating
"in Tallahassee, FL",4.5 star rating
"in Tallahassee, FL",4 star rating
"in Tallahassee, FL",3 star rating
"in Tallahassee, FL",3.5 star rating
"in Tallahassee, FL",3 star rating
"in Tallahassee, FL",3.5 star rating
"in Tallahassee, FL",4 star rating
"in Tallahassee, FL",4 star rating
"in Tallahassee, FL",4.5 star rating
"in Tallahassee, FL",4 star rating
"in Tallahassee, FL",4 star rating
"in Tallahassee, FL",3.5 star rating
"in Tallahassee, FL",3.5 star rating
"in Tallahassee, FL",4 star rating
"in Tallahassee, FL",4.5 star rating
"in Tallahassee, FL",3.5 star rating
"in Tallahassee, FL",4 star rating
"in Tallahassee, FL",4 star rating
"in Tallahassee, FL",4 star rating
"in Tallahassee, FL",4 star rating
"in Tallahassee, FL",2.5 star rating
"in Tallahassee, FL",4 star rating
"in Tallahassee, FL",3.5 star rating
"in Tallahassee, FL",4.5 star rating
"in Tallahassee, FL",4.5 star rating
"in Tallahassee, FL",3.5 star rating
"in Tallahassee, FL",3.5 star rating
"in Tallahassee, FL",3.5 star rating
"in Tallahassee, FL",3.5 star rating
"in Tallahassee, FL",4 star rating
"in Tallahassee, FL",4 star rating
"in Tallahassee, FL",4 star rating
"in Tallahassee, FL",4 star rating
"in Tallahassee, FL",3.5 star rating
"in Tallahassee, FL",3 star rating
"in Tallahassee, FL",4 star rating
"in Tallahassee, FL",4.5 star rating
"in Tallahassee, FL",3.5 star rating
"in Tallahassee, FL",4 star rating
"in Tallahassee, FL",4 star rating
"in Tallahassee, FL",4 star rating
"in Tallahassee, FL",4 star rating
"in Tallahassee, FL",3.5 star rating
"in Tallahassee, FL",4 star rating
"in Tallahassee, FL",4.5 star rating
"in Tallahassee, FL",4 star rating
"in Tallahassee, FL",3.5 star rating
"in Tallahassee, FL",4 star rating
"in Tallahassee, FL",4 star rating
"in Tallahassee, FL",3 star rating
"in Tallahassee, FL",4 star rating
"in Tallahassee, FL",4 star rating
"in Tallahassee, FL",4 star rating
"in Tallahassee, FL",4 star rating
"in Tallahassee, FL",3.5 star rating
"in Tallahassee, FL",4.5 star rating
"in Tallahassee, FL",4.5 star rating
"in Tallahassee, FL",4 star rating
"in Tallahassee, FL",3.5 star rating
"in Tallahassee, FL",4 star rating
"in Tallahassee, FL",4.5 star rating
"in Tallahassee, FL",4.5 star rating
"in Tallahassee, FL",2.5 star rating
"in Tallahassee, FL",4 star rating
"in Tallahassee, FL",4 star rating
"in Tallahassee, FL",3 star rating
"in Tallahassee, FL",4.5 star rating
"in Tallahassee, FL",4 star rating
"in Tallahassee, FL",4.5 star rating
"in Tallahassee, FL",4 star rating
"in Tallahassee, FL",4.5 star rating
"in Tallahassee, FL",4.5 star rating
"in Tallahassee, FL",4 star rating
"in Tallahassee, FL",4.5 star rating
"in Tallahassee, FL",3.5 star rating
"in Tallahassee, FL",4.5 star rating
"in Tallahassee, FL",4 star rating
"in Tallahassee, FL",4 star rating
"in Tallahassee, FL",4 star rating
"in Tallahassee, FL",4.5 star rating
"in Tallahassee, FL",4 star rating
"in Tallahassee, FL",4 star rating
"in Tallahassee, FL",4.5 star rating
"in Tallahassee, FL",4 star rating
"in Tallahassee, FL",4 star rating
"in Tallahassee, FL",4 star rating
"in Tallahassee, FL",4 star rating
"in Tallahassee, FL",4 star rating
"in Tallahassee, FL",4 star rating
"in Tallahassee, FL",4 star rating
"in Tallahassee, FL",4.5 star rating
"in Tallahassee, FL",4 star rating
"in Tallahassee, FL",4 star rating
"in Tallahassee, FL",4.5 star rating
"in Tallahassee, FL",3 star rating
"in Tallahassee, FL",4 star rating
"in Tallahassee, FL",4 star rating
"in Tallahassee, FL",4 star rating
"in Tallahassee, FL",3 star rating
"in Tallahassee, FL",3.5 star rating
"in Tallahassee, FL",4.5 star rating
"in Tallahassee, FL",4.5 star rating
"in Tallahassee, FL",3.5 star rating
"in Tallahassee, FL",3 star rating
"in Lincoln, NE",4.5 star rating
"in Lincoln, NE",3.5 star rating
"in Lincoln, NE",3 star rating
"in Lincoln, NE",3.5 star rating
"in Lincoln, NE",4.5 star rating
"in Lincoln, NE",3 star rating
"in Lincoln, NE",3.5 star rating
"in Lincoln, NE",3 star rating
"in Lincoln, NE",4 star rating
"in Lincoln, NE",4 star rating
"in Lincoln, NE",3.5 star rating
"in Lincoln, NE",3.5 star rating
"in Lincoln, NE",3.5 star rating
"in Lincoln, NE",2 star rating
"in Lincoln, NE",3 star rating
"in Lincoln, NE",3.5 star rating
"in Lincoln, NE",4 star rating
"in Lincoln, NE",4.5 star rating
"in Lincoln, NE",2.5 star rating
"in Lincoln, NE",3.5 star rating
"in Lincoln, NE",3.5 star rating
"in Lincoln, NE",3 star rating
"in Lincoln, NE",2.5 star rating
"in Lincoln, NE",4 star rating
"in Lincoln, NE",3 star rating
"in Lincoln, NE",4 star rating
"in Lincoln, NE",3 star rating
"in Lincoln, NE",3.5 star rating
"in Lincoln, NE",4 star rating
"in Lincoln, NE",4.5 star rating
"in Lincoln, NE",4.5 star rating
"in Lincoln, NE",3.5 star rating
"in Lincoln, NE",4 star rating
"in Lincoln, NE",2.5 star rating
"in Lincoln, NE",3.5 star rating
"in Lincoln, NE",4 star rating
"in Lincoln, NE",3 star rating
"in Lincoln, NE",4 star rating
"in Lincoln, NE",3.5 star rating
"in Lincoln, NE",3.5 star rating
"in Lincoln, NE",4 star rating
"in Lincoln, NE",3 star rating
"in Lincoln, NE",3.5 star rating
"in Lincoln, NE",3.5 star rating
"in Lincoln, NE",4 star rating
"in Lincoln, NE",3 star rating
"in Lincoln, NE",3 star rating
"in Lincoln, NE",3 star rating
"in Lincoln, NE",4 star rating
"in Lincoln, NE",4 star rating
"in Lincoln, NE",4 star rating
"in Lincoln, NE",3 star rating
"in Lincoln, NE",4 star rating
"in Lincoln, NE",4 star rating
"in Lincoln, NE",3 star rating
"in Lincoln, NE",4 star rating
"in Lincoln, NE",3 star rating
"in Lincoln, NE",3.5 star rating
"in Lincoln, NE",4 star rating
"in Lincoln, NE",2 star rating
"in Lincoln, NE",3.5 star rating
"in Lincoln, NE",4 star rating
"in Lincoln, NE",4 star rating
"in Lincoln, NE",4.5 star rating
"in Lincoln, NE",3.5 star rating
"in Lincoln, NE",3 star rating
"in Lincoln, NE",4 star rating
"in Lincoln, NE",3.5 star rating
"in Lincoln, NE",3.5 star rating
"in Lincoln, NE",4.5 star rating
"in Lincoln, NE",4 star rating
"in Lincoln, NE",3.5 star rating
"in Lincoln, NE",4.5 star rating
"in Lincoln, NE",3.5 star rating
"in Lincoln, NE",3 star rating
"in Lincoln, NE",3.5 star rating
"in Lincoln, NE",4 star rating
"in Lincoln, NE",4 star rating
"in Lincoln, NE",3 star rating
"in Lincoln, NE",4.5 star rating
"in Lincoln, NE",4 star rating
"in Lincoln, NE",4 star rating
"in Lincoln, NE",3.5 star rating
"in Lincoln, NE",4.5 star rating
"in Lincoln, NE",4 star rating
"in Lincoln, NE",4 star rating
"in Lincoln, NE",4.5 star rating
"in Lincoln, NE",3 star rating
"in Lincoln, NE",3.5 star rating
"in Lincoln, NE",3.5 star rating
"in Lincoln, NE",4 star rating
"in Lincoln, NE",3.5 star rating
"in Lincoln, NE",3.5 star rating
"in Lincoln, NE",2.5 star rating
"in Lincoln, NE",4 star rating
"in Lincoln, NE",4 star rating
"in Lincoln, NE",4 star rating
"in Lincoln, NE",4.5 star rating
"in Lincoln, NE",3.5 star rating
"in Lincoln, NE",4 star rating
"in Lincoln, NE",4.5 star rating
"in Lincoln, NE",4.5 star rating
"in Lincoln, NE",4 star rating
"in Lincoln, NE",4 star rating
"in Lincoln, NE",4 star rating
"in Lincoln, NE",4 star rating
"in Lincoln, NE",4 star rating
"in Lincoln, NE",4 star rating
"in Lincoln, NE",3.5 star rating
"in Lincoln, NE",4 star rating
"in Lincoln, NE",4 star rating
"in Lincoln, NE",4.5 star rating
"in Lincoln, NE",3.5 star rating
"in Lincoln, NE",4.5 star rating
"in Lincoln, NE",4 star rating
"in Lincoln, NE",3.5 star rating
"in Lincoln, NE",4 star rating
"in Lincoln, NE",3.5 star rating
"in Lincoln, NE",4.5 star rating
"in Lincoln, NE",3.5 star rating
"in Lincoln, NE",3.5 star rating
"in Lincoln, NE",4 star rating
"in Lincoln, NE",4 star rating
"in Lincoln, NE",4 star rating
"in Lincoln, NE",3.5 star rating
"in Lincoln, NE",4.5 star rating
"in Lincoln, NE",4 star rating
"in Salem, OR",4.5 star rating
"in Salem, OR",4 star rating
"in Salem, OR",3.5 star rating
"in Salem, OR",2.5 star rating
"in Salem, OR",3 star rating
"in Salem, OR",4 star rating
"in Salem, OR",4 star rating
"in Salem, OR",3 star rating
"in Salem, OR",4.5 star rating
"in Salem, OR",4.5 star rating
"in Salem, OR",3.5 star rating
"in Salem, OR",4 star rating
"in Salem, OR",4.5 star rating
"in Salem, OR",3.5 star rating
"in Salem, OR",4.5 star rating
"in Salem, OR",3.5 star rating
"in Salem, OR",4 star rating
"in Salem, OR",3 star rating
"in Salem, OR",4 star rating
"in Salem, OR",4 star rating
"in Salem, OR",4 star rating
"in Salem, OR",3 star rating
"in Salem, OR",3.5 star rating
"in Salem, OR",4.5 star rating
"in Salem, OR",3.5 star rating
"in Salem, OR",3 star rating
"in Salem, OR",3 star rating
"in Salem, OR",3 star rating
"in Salem, OR",3 star rating
"in Salem, OR",4 star rating
"in Salem, OR",3 star rating
"in Salem, OR",4.5 star rating
"in Salem, OR",4.5 star rating
"in Salem, OR",4 star rating
"in Salem, OR",4 star rating
"in Salem, OR",4 star rating
"in Salem, OR",4 star rating
"in Salem, OR",4.5 star rating
"in Salem, OR",3.5 star rating
"in Salem, OR",4 star rating
"in Salem, OR",3.5 star rating
"in Salem, OR",3.5 star rating
"in Salem, OR",4 star rating
"in Salem, OR",3.5 star rating
"in Salem, OR",3 star rating
"in Salem, OR",4.5 star rating
"in Salem, OR",4 star rating
"in Salem, OR",4 star rating
"in Salem, OR",3.5 star rating
"in Salem, OR",3.5 star rating
"in Salem, OR",3 star rating
"in Salem, OR",3 star rating
"in Salem, OR",4 star rating
"in Salem, OR",3.5 star rating
"in Salem, OR",3.5 star rating
"in Salem, OR",3 star rating
"in Salem, OR",4.5 star rating
"in Salem, OR",4 star rating
"in Salem, OR",5 star rating
"in Salem, OR",3.5 star rating
"in Salem, OR",4 star rating
"in Salem, OR",4 star rating
"in Salem, OR",4 star rating
"in Salem, OR",4.5 star rating
"in Salem, OR",4.5 star rating
"in Salem, OR",4 star rating
"in Salem, OR",3.5 star rating
"in Salem, OR",2 star rating
"in Salem, OR",4.5 star rating
"in Salem, OR",3.5 star rating
"in Salem, OR",4.5 star rating
"in Salem, OR",4 star rating
"in Salem, OR",4 star rating
"in Salem, OR",3 star rating
"in Salem, OR",3.5 star rating
"in Salem, OR",4.5 star rating
"in Salem, OR",4 star rating
"in Salem, OR",3 star rating
"in Salem, OR",4 star rating
"in Salem, OR",3.5 star rating
"in Salem, OR",4 star rating
"in Salem, OR",4 star rating
"in Salem, OR",4 star rating
"in Salem, OR",4 star rating
"in Salem, OR",4 star rating
"in Salem, OR",4.5 star rating
"in Salem, OR",3.5 star rating
"in Salem, OR",3.5 star rating
"in Salem, OR",4 star rating
"in Salem, OR",2.5 star rating
"in Salem, OR",4.5 star rating
"in Salem, OR",4 star rating
"in Salem, OR",3 star rating
"in Salem, OR",4 star rating
"in Salem, OR",4 star rating
"in Salem, OR",4.5 star rating
"in Salem, OR",4.5 star rating
"in Salem, OR",4.5 star rating
"in Salem, OR",3.5 star rating
"in Salem, OR",4.5 star rating
"in Salem, OR",4.5 star rating
"in Salem, OR",4 star rating
"in Salem, OR",4 star rating
"in Salem, OR",4 star rating
"in Salem, OR",3.5 star rating
"in Salem, OR",3.5 star rating
"in Salem, OR",4 star rating
"in Salem, OR",4 star rating
"in Salem, OR",4.5 star rating
"in Salem, OR",4 star rating
"in Salem, OR",3.5 star rating
"in Salem, OR",4.5 star rating
"in Salem, OR",4.5 star rating
"in Salem, OR",4 star rating
"in Salem, OR",3.5 star rating
"in Salem, OR",3.5 star rating
"in Salem, OR",4.5 star rating
"in Salem, OR",3.5 star rating
"in Salem, OR",3.5 star rating
"in Salem, OR",4 star rating
"in Salem, OR",4.5 star rating
"in Salem, OR",4 star rating
"in Salem, OR",3.5 star rating
"in Salem, OR",3.5 star rating
"in Salem, OR",3.5 star rating
"in Salem, OR",3.5 star rating
"in Buffalo, NY",4 star rating
"in Buffalo, NY",4 star rating
"in Buffalo, NY",3.5 star rating
"in Buffalo, NY",3 star rating
"in Buffalo, NY",4 star rating
"in Buffalo, NY",4 star rating
"in Buffalo, NY",4.5 star rating
"in Buffalo, NY",3 star rating
"in Buffalo, NY",3 star rating
"in Buffalo, NY",3.5 star rating
"in Buffalo, NY",4 star rating
"in Buffalo, NY",4 star rating
"in Buffalo, NY",4 star rating
"in Buffalo, NY",3 star rating
"in Buffalo, NY",4.5 star rating
"in Buffalo, NY",4 star rating
"in Buffalo, NY",3.5 star rating
"in Buffalo, NY",4 star rating
"in Buffalo, NY",4 star rating
"in Buffalo, NY",3 star rating
"in Buffalo, NY",4 star rating
"in Buffalo, NY",4 star rating
"in Buffalo, NY",4.5 star rating
"in Buffalo, NY",3 star rating
"in Buffalo, NY",4 star rating
"in Buffalo, NY",4 star rating
"in Buffalo, NY",3.5 star rating
"in Buffalo, NY",3.5 star rating
"in Buffalo, NY",3 star rating
"in Buffalo, NY",3.5 star rating
"in Buffalo, NY",3 star rating
"in Buffalo, NY",4 star rating
"in Buffalo, NY",4 star rating
"in Buffalo, NY",4 star rating
"in Buffalo, NY",4 star rating
"in Buffalo, NY",3.5 star rating
"in Buffalo, NY",4 star rating
"in Buffalo, NY",4 star rating
"in Buffalo, NY",4 star rating
"in Buffalo, NY",3.5 star rating
"in Buffalo, NY",4.5 star rating
"in Buffalo, NY",3.5 star rating
"in Buffalo, NY",3.5 star rating
"in Buffalo, NY",4.5 star rating
"in Buffalo, NY",3.5 star rating
"in Buffalo, NY",4 star rating
"in Buffalo, NY",4.5 star rating
"in Buffalo, NY",4 star rating
"in Buffalo, NY",3 star rating
"in Buffalo, NY",3.5 star rating
"in Buffalo, NY",3.5 star rating
"in Buffalo, NY",4 star rating
"in Buffalo, NY",3.5 star rating
"in Buffalo, NY",3.5 star rating
"in Buffalo, NY",3 star rating
"in Buffalo, NY",4.5 star rating
"in Buffalo, NY",4 star rating
"in Buffalo, NY",3.5 star rating
"in Buffalo, NY",3.5 star rating
"in Buffalo, NY",4 star rating
"in Buffalo, NY",4 star rating
"in Buffalo, NY",4.5 star rating
"in Buffalo, NY",4.5 star rating
"in Buffalo, NY",4 star rating
"in Buffalo, NY",4 star rating
"in Buffalo, NY",3 star rating
"in Buffalo, NY",4 star rating
"in Buffalo, NY",4 star rating
"in Buffalo, NY",4.5 star rating
"in Buffalo, NY",4 star rating
"in Buffalo, NY",4 star rating
"in Buffalo, NY",3.5 star rating
"in Buffalo, NY",3.5 star rating
"in Buffalo, NY",4 star rating
"in Buffalo, NY",3.5 star rating
"in Buffalo, NY",3 star rating
"in Buffalo, NY",3.5 star rating
"in Buffalo, NY",4 star rating
"in Buffalo, NY",4 star rating
"in Buffalo, NY",4.5 star rating
"in Buffalo, NY",4 star rating
"in Buffalo, NY",4.5 star rating
"in Buffalo, NY",3.5 star rating
"in Buffalo, NY",4 star rating
"in Buffalo, NY",3.5 star rating
"in Buffalo, NY",4 star rating
"in Buffalo, NY",4 star rating
"in Buffalo, NY",4 star rating
"in Buffalo, NY",4 star rating
"in Buffalo, NY",3.5 star rating
"in Buffalo, NY",4.5 star rating
"in Buffalo, NY",3.5 star rating
"in Buffalo, NY",3.5 star rating
"in Buffalo, NY",4 star rating
"in Buffalo, NY",4.5 star rating
"in Buffalo, NY",4 star rating
"in Buffalo, NY",3.5 star rating
"in Buffalo, NY",4.5 star rating
"in Buffalo, NY",3 star rating
"in Buffalo, NY",4.5 star rating
"in Buffalo, NY",3.5 star rating
"in Buffalo, NY",4 star rating
"in Buffalo, NY",4.5 star rating
"in Buffalo, NY",3.5 star rating
"in Buffalo, NY",4 star rating
"in Buffalo, NY",4 star rating
"in Buffalo, NY",4 star rating
"in Buffalo, NY",4 star rating
"in Buffalo, NY",4.5 star rating
"in Buffalo, NY",4.5 star rating
"in Buffalo, NY",3.5 star rating
"in Buffalo, NY",4 star rating
"in Buffalo, NY",4 star rating
"in Buffalo, NY",4.5 star rating
"in Buffalo, NY",4.5 star rating
"in Buffalo, NY",4.5 star rating
"in Buffalo, NY",3.5 star rating
"in Buffalo, NY",3.5 star rating
"in Buffalo, NY",4 star rating
"in Buffalo, NY",3.5 star rating
"in Buffalo, NY",4.5 star rating
"in Buffalo, NY",3.5 star rating
"in Little Rock, AR",4 star rating
"in Little Rock, AR",3.5 star rating
"in Little Rock, AR",4 star rating
"in Little Rock, AR",4 star rating
"in Little Rock, AR",4.5 star rating
"in Little Rock, AR",4.5 star rating
"in Little Rock, AR",4.5 star rating
"in Little Rock, AR",3.5 star rating
"in Little Rock, AR",2.5 star rating
"in Little Rock, AR",4 star rating
"in Little Rock, AR",4 star rating
"in Little Rock, AR",4 star rating
"in Little Rock, AR",4 star rating
"in Little Rock, AR",3.5 star rating
"in Little Rock, AR",3.5 star rating
"in Little Rock, AR",3.5 star rating
"in Little Rock, AR",2 star rating
"in Little Rock, AR",4.5 star rating
"in Little Rock, AR",3.5 star rating
"in Little Rock, AR",4.5 star rating
"in Little Rock, AR",3.5 star rating
"in Little Rock, AR",4.5 star rating
"in Little Rock, AR",4.5 star rating
"in Little Rock, AR",4 star rating
"in Little Rock, AR",4.5 star rating
"in Little Rock, AR",4 star rating
"in Little Rock, AR",4 star rating
"in Little Rock, AR",3 star rating
"in Little Rock, AR",3.5 star rating
"in Little Rock, AR",3 star rating
"in Little Rock, AR",4 star rating
"in Little Rock, AR",3.5 star rating
"in Little Rock, AR",4 star rating
"in Little Rock, AR",3.5 star rating
"in Little Rock, AR",4 star rating
"in Little Rock, AR",4 star rating
"in Little Rock, AR",4 star rating
"in Little Rock, AR",4.5 star rating
"in Little Rock, AR",4 star rating
"in Little Rock, AR",4 star rating
"in Little Rock, AR",3.5 star rating
"in Little Rock, AR",3.5 star rating
"in Little Rock, AR",3.5 star rating
"in Little Rock, AR",4.5 star rating
"in Little Rock, AR",4.5 star rating
"in Little Rock, AR",4.5 star rating
"in Little Rock, AR",3 star rating
"in Little Rock, AR",4 star rating
"in Little Rock, AR",4 star rating
"in Little Rock, AR",4 star rating
"in Little Rock, AR",3.5 star rating
"in Little Rock, AR",4.5 star rating
"in Little Rock, AR",3.5 star rating
"in Little Rock, AR",4 star rating
"in Little Rock, AR",4.5 star rating
"in Little Rock, AR",4 star rating
"in Little Rock, AR",4 star rating
"in Little Rock, AR",4 star rating
"in Little Rock, AR",2.5 star rating
"in Little Rock, AR",4 star rating
"in Little Rock, AR",3.5 star rating
"in Little Rock, AR",3.5 star rating
"in Little Rock, AR",4 star rating
"in Little Rock, AR",4 star rating
"in Little Rock, AR",4 star rating
"in Little Rock, AR",3.5 star rating
"in Little Rock, AR",4 star rating
"in Little Rock, AR",4 star rating
"in Little Rock, AR",4 star rating
"in Little Rock, AR",3.5 star rating
"in Little Rock, AR",3 star rating
"in Little Rock, AR",3.5 star rating
"in Little Rock, AR",3.5 star rating
"in Little Rock, AR",4.5 star rating
"in Little Rock, AR",4 star rating
"in Little Rock, AR",4 star rating
"in Little Rock, AR",2.5 star rating
"in Little Rock, AR",4.5 star rating
"in Little Rock, AR",3.5 star rating
"in Little Rock, AR",4 star rating
"in Little Rock, AR",3.5 star rating
"in Little Rock, AR",4.5 star rating
"in Little Rock, AR",4.5 star rating
"in Little Rock, AR",3.5 star rating
"in Little Rock, AR",4.5 star rating
"in Little Rock, AR",3.5 star rating
"in Little Rock, AR",4.5 star rating
"in Little Rock, AR",3.5 star rating
"in Little Rock, AR",4.5 star rating
"in Little Rock, AR",4 star rating
"in Little Rock, AR",3 star rating
"in Little Rock, AR",3.5 star rating
"in Little Rock, AR",3.5 star rating
"in Little Rock, AR",4 star rating
"in Little Rock, AR",4.5 star rating
"in Little Rock, AR",4 star rating
"in Little Rock, AR",5 star rating
"in Little Rock, AR",4.5 star rating
"in Little Rock, AR",4 star rating
"in Little Rock, AR",4.5 star rating
"in Little Rock, AR",4.5 star rating
"in Little Rock, AR",4 star rating
"in Little Rock, AR",4 star rating
"in Little Rock, AR",4.5 star rating
"in Little Rock, AR",4.5 star rating
"in Little Rock, AR",4 star rating
"in Little Rock, AR",4 star rating
"in Little Rock, AR",4 star rating
"in Little Rock, AR",4.5 star rating
"in Little Rock, AR",4 star rating
"in Little Rock, AR",4 star rating
"in Little Rock, AR",4 star rating
"in Little Rock, AR",4.5 star rating
"in Little Rock, AR",4.5 star rating
"in Little Rock, AR",4.5 star rating
"in Little Rock, AR",4 star rating
"in Little Rock, AR",4 star rating
"in Little Rock, AR",4 star rating
"in Little Rock, AR",4 star rating
"in Little Rock, AR",4.5 star rating
"in Little Rock, AR",4 star rating
"in Little Rock, AR",4 star rating
"in Little Rock, AR",3.5 star rating
"in Little Rock, AR",4 star rating
"in Little Rock, AR",4.5 star rating
"in Little Rock, AR",2.5 star rating
"in Little Rock, AR",3 star rating
"in Little Rock, AR",4 star rating
"in Akron, OH",4 star rating
"in Akron, OH",4 star rating
"in Akron, OH",4.5 star rating
"in Akron, OH",4 star rating
"in Akron, OH",4.5 star rating
"in Akron, OH",4 star rating
"in Akron, OH",4 star rating
"in Akron, OH",4 star rating
"in Akron, OH",4 star rating
"in Akron, OH",3.5 star rating
"in Akron, OH",4.5 star rating
"in Akron, OH",3.5 star rating
"in Akron, OH",4.5 star rating
"in Akron, OH",3.5 star rating
"in Akron, OH",4 star rating
"in Akron, OH",4 star rating
"in Akron, OH",3.5 star rating
"in Akron, OH",3.5 star rating
"in Akron, OH",3.5 star rating
"in Akron, OH",2.5 star rating
"in Akron, OH",3 star rating
"in Akron, OH",4 star rating
"in Akron, OH",3.5 star rating
"in Akron, OH",3.5 star rating
"in Akron, OH",4 star rating
"in Akron, OH",4 star rating
"in Akron, OH",4 star rating
"in Akron, OH",3.5 star rating
"in Akron, OH",3 star rating
"in Akron, OH",3.5 star rating
"in Akron, OH",5 star rating
"in Akron, OH",4.5 star rating
"in Akron, OH",3.5 star rating
"in Akron, OH",4 star rating
"in Akron, OH",4.5 star rating
"in Akron, OH",4 star rating
"in Akron, OH",3 star rating
"in Akron, OH",4 star rating
"in Akron, OH",4.5 star rating
"in Akron, OH",4.5 star rating
"in Akron, OH",3.5 star rating
"in Akron, OH",4.5 star rating
"in Akron, OH",4 star rating
"in Akron, OH",4.5 star rating
"in Akron, OH",4 star rating
"in Akron, OH",2.5 star rating
"in Akron, OH",3 star rating
"in Akron, OH",4 star rating
"in Akron, OH",4.5 star rating
"in Akron, OH",4.5 star rating
"in Akron, OH",2.5 star rating
"in Akron, OH",4 star rating
"in Akron, OH",4 star rating
"in Akron, OH",4 star rating
"in Akron, OH",3.5 star rating
"in Akron, OH",3.5 star rating
"in Akron, OH",4 star rating
"in Akron, OH",4 star rating
"in Akron, OH",3.5 star rating
"in Akron, OH",4 star rating
"in Akron, OH",4 star rating
"in Akron, OH",4.5 star rating
"in Akron, OH",4.5 star rating
"in Akron, OH",3.5 star rating
"in Akron, OH",3.5 star rating
"in Akron, OH",4 star rating
"in Akron, OH",3 star rating
"in Akron, OH",4 star rating
"in Akron, OH",3.5 star rating
"in Akron, OH",3.5 star rating
"in Akron, OH",4.5 star rating
"in Akron, OH",3.5 star rating
"in Akron, OH",4.5 star rating
"in Akron, OH",4 star rating
"in Akron, OH",4.5 star rating
"in Akron, OH",3.5 star rating
"in Akron, OH",4 star rating
"in Akron, OH",5 star rating
"in Akron, OH",4 star rating
"in Akron, OH",4.5 star rating
"in Akron, OH",5 star rating
"in Akron, OH",4 star rating
"in Akron, OH",4 star rating
"in Akron, OH",4.5 star rating
"in Akron, OH",3.5 star rating
"in Akron, OH",3.5 star rating
"in Akron, OH",4 star rating
"in Akron, OH",4 star rating
"in Akron, OH",2.5 star rating
"in Akron, OH",3 star rating
"in Akron, OH",4 star rating
"in Akron, OH",3.5 star rating
"in Akron, OH",4 star rating
"in Akron, OH",4.5 star rating
"in Akron, OH",5 star rating
"in Akron, OH",4.5 star rating
"in Akron, OH",4 star rating
"in Akron, OH",4 star rating
"in Akron, OH",4 star rating
"in Akron, OH",4.5 star rating
"in Akron, OH",4 star rating
"in Akron, OH",4.5 star rating
"in Akron, OH",3.5 star rating
"in Akron, OH",4 star rating
"in Akron, OH",3.5 star rating
"in Akron, OH",3.5 star rating
"in Akron, OH",4 star rating
"in Akron, OH",4.5 star rating
"in Akron, OH",4.5 star rating
"in Akron, OH",3.5 star rating
"in Akron, OH",4.5 star rating
"in Akron, OH",4.5 star rating
"in Akron, OH",4 star rating
"in Akron, OH",3.5 star rating
"in Akron, OH",4 star rating
"in Akron, OH",4 star rating
"in Akron, OH",4 star rating
"in Akron, OH",3.5 star rating
"in Akron, OH",3.5 star rating
"in Akron, OH",3.5 star rating
"in Akron, OH",3.5 star rating
"in Akron, OH",3.5 star rating
"in Akron, OH",4 star rating
"in Akron, OH",4.5 star rating
"in Akron, OH",4 star rating
"in Akron, OH",4.5 star rating
"in Salt Lake City, UT",4 star rating
"in Salt Lake City, UT",4 star rating
"in Salt Lake City, UT",4 star rating
"in Salt Lake City, UT",4.5 star rating
"in Salt Lake City, UT",4 star rating
"in Salt Lake City, UT",4 star rating
"in Salt Lake City, UT",4 star rating
"in Salt Lake City, UT",3.5 star rating
"in Salt Lake City, UT",4.5 star rating
"in Salt Lake City, UT",4 star rating
"in Salt Lake City, UT",4 star rating
"in Salt Lake City, UT",4.5 star rating
"in Salt Lake City, UT",4 star rating
"in Salt Lake City, UT",4 star rating
"in Salt Lake City, UT",4 star rating
"in Salt Lake City, UT",4 star rating
"in Salt Lake City, UT",3.5 star rating
"in Salt Lake City, UT",4.5 star rating
"in Salt Lake City, UT",3.5 star rating
"in Salt Lake City, UT",4 star rating
"in Salt Lake City, UT",4.5 star rating
"in Salt Lake City, UT",4.5 star rating
"in Salt Lake City, UT",4 star rating
"in Salt Lake City, UT",4 star rating
"in Salt Lake City, UT",3 star rating
"in Salt Lake City, UT",4 star rating
"in Salt Lake City, UT",4 star rating
"in Salt Lake City, UT",3.5 star rating
"in Salt Lake City, UT",4 star rating
"in Salt Lake City, UT",3.5 star rating
"in Salt Lake City, UT",4 star rating
"in Salt Lake City, UT",3.5 star rating
"in Salt Lake City, UT",4 star rating
"in Salt Lake City, UT",4.5 star rating
"in Salt Lake City, UT",4 star rating
"in Salt Lake City, UT",3.5 star rating
"in Salt Lake City, UT",4.5 star rating
"in Salt Lake City, UT",3.5 star rating
"in Salt Lake City, UT",4 star rating
"in Salt Lake City, UT",4 star rating
"in Salt Lake City, UT",4 star rating
"in Salt Lake City, UT",4 star rating
"in Salt Lake City, UT",4 star rating
"in Salt Lake City, UT",4 star rating
"in Salt Lake City, UT",4.5 star rating
"in Salt Lake City, UT",4.5 star rating
"in Salt Lake City, UT",4.5 star rating
"in Salt Lake City, UT",4 star rating
"in Salt Lake City, UT",3.5 star rating
"in Salt Lake City, UT",5 star rating
"in Salt Lake City, UT",3.5 star rating
"in Salt Lake City, UT",3.5 star rating
"in Salt Lake City, UT",4 star rating
"in Salt Lake City, UT",4 star rating
"in Salt Lake City, UT",4.5 star rating
"in Salt Lake City, UT",4 star rating
"in Salt Lake City, UT",4.5 star rating
"in Salt Lake City, UT",3 star rating
"in Salt Lake City, UT",4 star rating
"in Salt Lake City, UT",4.5 star rating
"in Salt Lake City, UT",4.5 star rating
"in Salt Lake City, UT",3.5 star rating
"in Salt Lake City, UT",4 star rating
"in Salt Lake City, UT",4.5 star rating
"in Salt Lake City, UT",4 star rating
"in Salt Lake City, UT",4 star rating
"in Salt Lake City, UT",4 star rating
"in Salt Lake City, UT",3.5 star rating
"in Salt Lake City, UT",4 star rating
"in Salt Lake City, UT",4 star rating
"in Salt Lake City, UT",4 star rating
"in Salt Lake City, UT",3 star rating
"in Salt Lake City, UT",4 star rating
"in Salt Lake City, UT",4 star rating
"in Salt Lake City, UT",4 star rating
"in Salt Lake City, UT",4.5 star rating
"in Salt Lake City, UT",4.5 star rating
"in Salt Lake City, UT",3.5 star rating
"in Salt Lake City, UT",3.5 star rating
"in Salt Lake City, UT",4.5 star rating
"in Salt Lake City, UT",4 star rating
"in Salt Lake City, UT",4 star rating
"in Salt Lake City, UT",4 star rating
"in Salt Lake City, UT",3.5 star rating
"in Salt Lake City, UT",4.5 star rating
"in Salt Lake City, UT",4 star rating
"in Salt Lake City, UT",3 star rating
"in Salt Lake City, UT",4.5 star rating
"in Salt Lake City, UT",4.5 star rating
"in Salt Lake City, UT",4.5 star rating
"in Salt Lake City, UT",4 star rating
"in Salt Lake City, UT",4 star rating
"in Salt Lake City, UT",4 star rating
"in Salt Lake City, UT",4.5 star rating
"in Salt Lake City, UT",4.5 star rating
"in Salt Lake City, UT",4.5 star rating
"in Salt Lake City, UT",4 star rating
"in Salt Lake City, UT",4 star rating
"in Salt Lake City, UT",3.5 star rating
"in Salt Lake City, UT",4 star rating
"in Salt Lake City, UT",4 star rating
"in Salt Lake City, UT",3.5 star rating
"in Salt Lake City, UT",4.5 star rating
"in Salt Lake City, UT",4.5 star rating
"in Salt Lake City, UT",4.5 star rating
"in Salt Lake City, UT",4.5 star rating
"in Salt Lake City, UT",4 star rating
"in Salt Lake City, UT",4 star rating
"in Salt Lake City, UT",4 star rating
"in Salt Lake City, UT",4 star rating
"in Salt Lake City, UT",4.5 star rating
"in Salt Lake City, UT",4 star rating
"in Salt Lake City, UT",4.5 star rating
"in Salt Lake City, UT",4.5 star rating
"in Salt Lake City, UT",4 star rating
"in Salt Lake City, UT",4 star rating
"in Salt Lake City, UT",4 star rating
"in Salt Lake City, UT",4.5 star rating
"in Salt Lake City, UT",4.5 star rating
"in Newark, NJ",3.5 star rating
"in Newark, NJ",3 star rating
"in Newark, NJ",4.5 star rating
"in Newark, NJ",4.5 star rating
"in Newark, NJ",4.5 star rating
"in Newark, NJ",3.5 star rating
"in Newark, NJ",3.5 star rating
"in Newark, NJ",4.5 star rating
"in Newark, NJ",4 star rating
"in Newark, NJ",4 star rating
"in Newark, NJ",3 star rating
"in Newark, NJ",2.5 star rating
"in Newark, NJ",2 star rating
"in Newark, NJ",3.5 star rating
"in Newark, NJ",3.5 star rating
"in Newark, NJ",4 star rating
"in Newark, NJ",3.5 star rating
"in Newark, NJ",4.5 star rating
"in Newark, NJ",3.5 star rating
"in Newark, NJ",4.5 star rating
"in Newark, NJ",2.5 star rating
"in Newark, NJ",3.5 star rating
"in Newark, NJ",4 star rating
"in Newark, NJ",2 star rating
"in Newark, NJ",2.5 star rating
"in Newark, NJ",2 star rating
"in Newark, NJ",4.5 star rating
"in Newark, NJ",3 star rating
"in Newark, NJ",3 star rating
"in Newark, NJ",4 star rating
"in Newark, NJ",1.5 star rating
"in Newark, NJ",3.5 star rating
"in Newark, NJ",3.5 star rating
"in Newark, NJ",4 star rating
"in Newark, NJ",4 star rating
"in Newark, NJ",3 star rating
"in Newark, NJ",2 star rating
"in Newark, NJ",4.5 star rating
"in Newark, NJ",3 star rating
"in Newark, NJ",3.5 star rating
"in Newark, NJ",3 star rating
"in Newark, NJ",4.5 star rating
"in Newark, NJ",4 star rating
"in Newark, NJ",2 star rating
"in Newark, NJ",3 star rating
"in Newark, NJ",3.5 star rating
"in Newark, NJ",3.5 star rating
"in Newark, NJ",3 star rating
"in Newark, NJ",4 star rating
"in Newark, NJ",4.5 star rating
"in Newark, NJ",2.5 star rating
"in Newark, NJ",4 star rating
"in Newark, NJ",4.5 star rating
"in Newark, NJ",3.5 star rating
"in Newark, NJ",3.5 star rating
"in Newark, NJ",4 star rating
"in Newark, NJ",3.5 star rating
"in Newark, NJ",4 star rating
"in Newark, NJ",4 star rating
"in Newark, NJ",4.5 star rating
"in Newark, NJ",3.5 star rating
"in Newark, NJ",3 star rating
"in Newark, NJ",4 star rating
"in Newark, NJ",4 star rating
"in Newark, NJ",3.5 star rating
"in Newark, NJ",2.5 star rating
"in Newark, NJ",3 star rating
"in Newark, NJ",3.5 star rating
"in Newark, NJ",4.5 star rating
"in Newark, NJ",4 star rating
"in Newark, NJ",4 star rating
"in Newark, NJ",2 star rating
"in Newark, NJ",4.5 star rating
"in Newark, NJ",4 star rating
"in Newark, NJ",4.5 star rating
"in Newark, NJ",4 star rating
"in Newark, NJ",3.5 star rating
"in Newark, NJ",3.5 star rating
"in Newark, NJ",4 star rating
"in Newark, NJ",4 star rating
"in Newark, NJ",3.5 star rating
"in Newark, NJ",3.5 star rating
"in Newark, NJ",3 star rating
"in Newark, NJ",3.5 star rating
"in Newark, NJ",4.5 star rating
"in Newark, NJ",4 star rating
"in Newark, NJ",4 star rating
"in Newark, NJ",3.5 star rating
"in Newark, NJ",4 star rating
"in Newark, NJ",4 star rating
"in Newark, NJ",4.5 star rating
"in Newark, NJ",3.5 star rating
"in Newark, NJ",3.5 star rating
"in Newark, NJ",4 star rating
"in Newark, NJ",4.5 star rating
"in Newark, NJ",3.5 star rating
"in Newark, NJ",4.5 star rating
"in Newark, NJ",4 star rating
"in Newark, NJ",2 star rating
"in Newark, NJ",3 star rating
"in Newark, NJ",5 star rating
"in Newark, NJ",3.5 star rating
"in Newark, NJ",3 star rating
"in Newark, NJ",4.5 star rating
"in Newark, NJ",4 star rating
"in Newark, NJ",4.5 star rating
"in Newark, NJ",4 star rating
"in Newark, NJ",4 star rating
"in Newark, NJ",4 star rating
"in Newark, NJ",3.5 star rating
"in Newark, NJ",4.5 star rating
"in Newark, NJ",3.5 star rating
"in Newark, NJ",4.5 star rating
"in Newark, NJ",3 star rating
"in Newark, NJ",4 star rating
"in Newark, NJ",4 star rating
"in Birmingham, AL",5 star rating
"in Birmingham, AL",3.5 star rating
"in Birmingham, AL",4 star rating
"in Birmingham, AL",4 star rating
"in Birmingham, AL",3 star rating
"in Birmingham, AL",3.5 star rating
"in Birmingham, AL",4 star rating
"in Birmingham, AL",3.5 star rating
"in Birmingham, AL",4.5 star rating
"in Birmingham, AL",3.5 star rating
"in Birmingham, AL",4 star rating
"in Birmingham, AL",4 star rating
"in Birmingham, AL",3.5 star rating
"in Birmingham, AL",4 star rating
"in Birmingham, AL",4.5 star rating
"in Birmingham, AL",3.5 star rating
"in Birmingham, AL",4.5 star rating
"in Birmingham, AL",4 star rating
"in Birmingham, AL",4 star rating
"in Birmingham, AL",3.5 star rating
"in Birmingham, AL",4 star rating
"in Birmingham, AL",3.5 star rating
"in Birmingham, AL",4 star rating
"in Birmingham, AL",2 star rating
"in Birmingham, AL",4 star rating
"in Birmingham, AL",3.5 star rating
"in Birmingham, AL",4 star rating
"in Birmingham, AL",3.5 star rating
"in Birmingham, AL",3.5 star rating
"in Birmingham, AL",4 star rating
"in Birmingham, AL",4 star rating
"in Birmingham, AL",4 star rating
"in Birmingham, AL",4.5 star rating
"in Birmingham, AL",4 star rating
"in Birmingham, AL",3.5 star rating
"in Birmingham, AL",4.5 star rating
"in Birmingham, AL",4 star rating
"in Birmingham, AL",4 star rating
"in Birmingham, AL",4 star rating
"in Birmingham, AL",3.5 star rating
"in Birmingham, AL",4 star rating
"in Birmingham, AL",4.5 star rating
"in Birmingham, AL",4.5 star rating
"in Birmingham, AL",3.5 star rating
"in Birmingham, AL",4 star rating
"in Birmingham, AL",4 star rating
"in Birmingham, AL",4 star rating
"in Birmingham, AL",4.5 star rating
"in Birmingham, AL",4 star rating
"in Birmingham, AL",4.5 star rating
"in Birmingham, AL",3.5 star rating
"in Birmingham, AL",4 star rating
"in Birmingham, AL",4 star rating
"in Birmingham, AL",4 star rating
"in Birmingham, AL",4 star rating
"in Birmingham, AL",4 star rating
"in Birmingham, AL",4.5 star rating
"in Birmingham, AL",4 star rating
"in Birmingham, AL",3.5 star rating
"in Birmingham, AL",2.5 star rating
"in Birmingham, AL",4 star rating
"in Birmingham, AL",3.5 star rating
"in Birmingham, AL",4 star rating
"in Birmingham, AL",4.5 star rating
"in Birmingham, AL",3.5 star rating
"in Birmingham, AL",4.5 star rating
"in Birmingham, AL",4 star rating
"in Birmingham, AL",4.5 star rating
"in Birmingham, AL",4.5 star rating
"in Birmingham, AL",4.5 star rating
"in Birmingham, AL",4 star rating
"in Birmingham, AL",4 star rating
"in Birmingham, AL",4 star rating
"in Birmingham, AL",4.5 star rating
"in Birmingham, AL",2 star rating
"in Birmingham, AL",4.5 star rating
"in Birmingham, AL",4.5 star rating
"in Birmingham, AL",4.5 star rating
"in Birmingham, AL",4.5 star rating
"in Birmingham, AL",4.5 star rating
"in Birmingham, AL",4.5 star rating
"in Birmingham, AL",4 star rating
"in Birmingham, AL",4 star rating
"in Birmingham, AL",4 star rating
"in Birmingham, AL",4.5 star rating
"in Birmingham, AL",4 star rating
"in Birmingham, AL",3.5 star rating
"in Birmingham, AL",4 star rating
"in Birmingham, AL",4 star rating
"in Birmingham, AL",3 star rating
"in Birmingham, AL",3.5 star rating
"in Birmingham, AL",4.5 star rating
"in Birmingham, AL",4 star rating
"in Birmingham, AL",4 star rating
"in Birmingham, AL",4.5 star rating
"in Birmingham, AL",4.5 star rating
"in Birmingham, AL",4 star rating
"in Birmingham, AL",4.5 star rating
"in Birmingham, AL",4.5 star rating
"in Birmingham, AL",4 star rating
"in Birmingham, AL",4.5 star rating
"in Birmingham, AL",4.5 star rating
"in Birmingham, AL",4.5 star rating
"in Birmingham, AL",4.5 star rating
"in Birmingham, AL",3.5 star rating
"in Birmingham, AL",3.5 star rating
"in Birmingham, AL",4 star rating
"in Birmingham, AL",3.5 star rating
"in Birmingham, AL",4 star rating
"in Birmingham, AL",4.5 star rating
"in Birmingham, AL",3.5 star rating
"in Birmingham, AL",4.5 star rating
"in Birmingham, AL",4 star rating
"in Birmingham, AL",4.5 star rating
"in Birmingham, AL",3 star rating
"in Birmingham, AL",3.5 star rating
"in Birmingham, AL",4 star rating
"in Birmingham, AL",4 star rating
"in Birmingham, AL",4 star rating
"in Birmingham, AL",4 star rating
"in Birmingham, AL",4.5 star rating
"in Birmingham, AL",4 star rating
"in Birmingham, AL",4 star rating
"in Birmingham, AL",3.5 star rating
"in Birmingham, AL",3.5 star rating
"in Birmingham, AL",4.5 star rating
"in Birmingham, AL",4 star rating
"in Birmingham, AL",3.5 star rating
"in Aurora, IL",5 star rating
"in Aurora, IL",3.5 star rating
"in Aurora, IL",4 star rating
"in Aurora, IL",3.5 star rating
"in Aurora, IL",3.5 star rating
"in Aurora, IL",3.5 star rating
"in Aurora, IL",4 star rating
"in Aurora, IL",4 star rating
"in Aurora, IL",4.5 star rating
"in Aurora, IL",3 star rating
"in Aurora, IL",3.5 star rating
"in Aurora, IL",4 star rating
"in Aurora, IL",3.5 star rating
"in Aurora, IL",4 star rating
"in Aurora, IL",3.5 star rating
"in Aurora, IL",4 star rating
"in Aurora, IL",4 star rating
"in Aurora, IL",3.5 star rating
"in Aurora, IL",3.5 star rating
"in Aurora, IL",4 star rating
"in Aurora, IL",3.5 star rating
"in Aurora, IL",2.5 star rating
"in Aurora, IL",3 star rating
"in Aurora, IL",4 star rating
"in Aurora, IL",2.5 star rating
"in Aurora, IL",3.5 star rating
"in Aurora, IL",3.5 star rating
"in Aurora, IL",3.5 star rating
"in Aurora, IL",4 star rating
"in Aurora, IL",4 star rating
"in Aurora, IL",3.5 star rating
"in Aurora, IL",4 star rating
"in Aurora, IL",4.5 star rating
"in Aurora, IL",4 star rating
"in Aurora, IL",4.5 star rating
"in Aurora, IL",3.5 star rating
"in Aurora, IL",3.5 star rating
"in Aurora, IL",4 star rating
"in Aurora, IL",5 star rating
"in Aurora, IL",4 star rating
"in Aurora, IL",3 star rating
"in Aurora, IL",3.5 star rating
"in Aurora, IL",3.5 star rating
"in Aurora, IL",4 star rating
"in Aurora, IL",3 star rating
"in Aurora, IL",3.5 star rating
"in Aurora, IL",3.5 star rating
"in Aurora, IL",3.5 star rating
"in Aurora, IL",3.5 star rating
"in Aurora, IL",3 star rating
"in Aurora, IL",2.5 star rating
"in Aurora, IL",3 star rating
"in Aurora, IL",3.5 star rating
"in Aurora, IL",4 star rating
"in Aurora, IL",4 star rating
"in Aurora, IL",3 star rating
"in Aurora, IL",3 star rating
"in Aurora, IL",2.5 star rating
"in Aurora, IL",3 star rating
"in Aurora, IL",4 star rating
"in Aurora, IL",4 star rating
"in Aurora, IL",3.5 star rating
"in Aurora, IL",3 star rating
"in Aurora, IL",4 star rating
"in Aurora, IL",4.5 star rating
"in Aurora, IL",4 star rating
"in Aurora, IL",3 star rating
"in Aurora, IL",3 star rating
"in Aurora, IL",4 star rating
"in Aurora, IL",4 star rating
"in Aurora, IL",3.5 star rating
"in Aurora, IL",3 star rating
"in Aurora, IL",4 star rating
"in Aurora, IL",3.5 star rating
"in Aurora, IL",4.5 star rating
"in Aurora, IL",4 star rating
"in Aurora, IL",3 star rating
"in Aurora, IL",4 star rating
"in Aurora, IL",4.5 star rating
"in Aurora, IL",3 star rating
"in Aurora, IL",4 star rating
"in Aurora, IL",2 star rating
"in Aurora, IL",4 star rating
"in Aurora, IL",4.5 star rating
"in Aurora, IL",3.5 star rating
"in Aurora, IL",3.5 star rating
"in Aurora, IL",1.5 star rating
"in Aurora, IL",3.5 star rating
"in Aurora, IL",3.5 star rating
"in Aurora, IL",4 star rating
"in Aurora, IL",4 star rating
"in Aurora, IL",4 star rating
"in Aurora, IL",3 star rating
"in Aurora, IL",3 star rating
"in Aurora, IL",2.5 star rating
"in Aurora, IL",4 star rating
"in Aurora, IL",4 star rating
"in Aurora, IL",4 star rating
"in Aurora, IL",3.5 star rating
"in Aurora, IL",4 star rating
"in Aurora, IL",4 star rating
"in Aurora, IL",3.5 star rating
"in Aurora, IL",4 star rating
"in Aurora, IL",4 star rating
"in Aurora, IL",4 star rating
"in Aurora, IL",4 star rating
"in Aurora, IL",4 star rating
"in Aurora, IL",4.5 star rating
"in Aurora, IL",4 star rating
"in Aurora, IL",4 star rating
"in Aurora, IL",4.5 star rating
"in Aurora, IL",3.5 star rating
"in Aurora, IL",4 star rating
"in Aurora, IL",3.5 star rating
"in Aurora, IL",4 star rating
"in Aurora, IL",4 star rating
"in Aurora, IL",3.5 star rating
"in Aurora, IL",3.5 star rating
"in Aurora, IL",4 star rating
"in Aurora, IL",4 star rating
"in Aurora, IL",4 star rating
"in Aurora, IL",3.5 star rating
"in Aurora, IL",3.5 star rating
"in Aurora, IL",4.5 star rating
"in Aurora, IL",3 star rating
"in Aurora, IL",4 star rating
"in Aurora, IL",4 star rating
"in Aurora, IL",4 star rating
"in San Bernardino, CA",4 star rating
"in San Bernardino, CA",4 star rating
"in San Bernardino, CA",4.5 star rating
"in San Bernardino, CA",3 star rating
"in San Bernardino, CA",4 star rating
"in San Bernardino, CA",4.5 star rating
"in San Bernardino, CA",3.5 star rating
"in San Bernardino, CA",3 star rating
"in San Bernardino, CA",3.5 star rating
"in San Bernardino, CA",4 star rating
"in San Bernardino, CA",3.5 star rating
"in San Bernardino, CA",4.5 star rating
"in San Bernardino, CA",3.5 star rating
"in San Bernardino, CA",3.5 star rating
"in San Bernardino, CA",4 star rating
"in San Bernardino, CA",3 star rating
"in San Bernardino, CA",4 star rating
"in San Bernardino, CA",3.5 star rating
"in San Bernardino, CA",3 star rating
"in San Bernardino, CA",4 star rating
"in San Bernardino, CA",3.5 star rating
"in San Bernardino, CA",4.5 star rating
"in San Bernardino, CA",4 star rating
"in San Bernardino, CA",4 star rating
"in San Bernardino, CA",3.5 star rating
"in San Bernardino, CA",4 star rating
"in San Bernardino, CA",3.5 star rating
"in San Bernardino, CA",4.5 star rating
"in San Bernardino, CA",4 star rating
"in San Bernardino, CA",3 star rating
"in San Bernardino, CA",4 star rating
"in San Bernardino, CA",4 star rating
"in San Bernardino, CA",3.5 star rating
"in San Bernardino, CA",3.5 star rating
"in San Bernardino, CA",4 star rating
"in San Bernardino, CA",4 star rating
"in San Bernardino, CA",3.5 star rating
"in San Bernardino, CA",3.5 star rating
"in San Bernardino, CA",4 star rating
"in San Bernardino, CA",3.5 star rating
"in San Bernardino, CA",4 star rating
"in San Bernardino, CA",4 star rating
"in San Bernardino, CA",4 star rating
"in San Bernardino, CA",3.5 star rating
"in San Bernardino, CA",4 star rating
"in San Bernardino, CA",4.5 star rating
"in San Bernardino, CA",3 star rating
"in San Bernardino, CA",4.5 star rating
"in San Bernardino, CA",4 star rating
"in San Bernardino, CA",4.5 star rating
"in San Bernardino, CA",4 star rating
"in San Bernardino, CA",3 star rating
"in San Bernardino, CA",3 star rating
"in San Bernardino, CA",3.5 star rating
"in San Bernardino, CA",4 star rating
"in San Bernardino, CA",4 star rating
"in San Bernardino, CA",4.5 star rating
"in San Bernardino, CA",3.5 star rating
"in San Bernardino, CA",3.5 star rating
"in San Bernardino, CA",4 star rating
"in San Bernardino, CA",3 star rating
"in San Bernardino, CA",3.5 star rating
"in San Bernardino, CA",4 star rating
"in San Bernardino, CA",3.5 star rating
"in San Bernardino, CA",4 star rating
"in San Bernardino, CA",2 star rating
"in San Bernardino, CA",3.5 star rating
"in San Bernardino, CA",4.5 star rating
"in San Bernardino, CA",4.5 star rating
"in San Bernardino, CA",3 star rating
"in San Bernardino, CA",3.5 star rating
"in San Bernardino, CA",3 star rating
"in San Bernardino, CA",3 star rating
"in San Bernardino, CA",4.5 star rating
"in San Bernardino, CA",3 star rating
"in San Bernardino, CA",3.5 star rating
"in San Bernardino, CA",3.5 star rating
"in San Bernardino, CA",4.5 star rating
"in San Bernardino, CA",4.5 star rating
"in San Bernardino, CA",3 star rating
"in San Bernardino, CA",4 star rating
"in San Bernardino, CA",4.5 star rating
"in San Bernardino, CA",4.5 star rating
"in San Bernardino, CA",4 star rating
"in San Bernardino, CA",3.5 star rating
"in San Bernardino, CA",4 star rating
"in San Bernardino, CA",4.5 star rating
"in San Bernardino, CA",3.5 star rating
"in San Bernardino, CA",4.5 star rating
"in San Bernardino, CA",4 star rating
"in San Bernardino, CA",2 star rating
"in San Bernardino, CA",4.5 star rating
"in San Bernardino, CA",4 star rating
"in San Bernardino, CA",4 star rating
"in San Bernardino, CA",4 star rating
"in San Bernardino, CA",4 star rating
"in San Bernardino, CA",4 star rating
"in San Bernardino, CA",4.5 star rating
"in San Bernardino, CA",4.5 star rating
"in San Bernardino, CA",4 star rating
"in San Bernardino, CA",2 star rating
"in San Bernardino, CA",4.5 star rating
"in San Bernardino, CA",4.5 star rating
"in San Bernardino, CA",3.5 star rating
"in San Bernardino, CA",3.5 star rating
"in San Bernardino, CA",4.5 star rating
"in San Bernardino, CA",4 star rating
"in San Bernardino, CA",3.5 star rating
"in San Bernardino, CA",4 star rating
"in San Bernardino, CA",4 star rating
"in San Bernardino, CA",4.5 star rating
"in San Bernardino, CA",3.5 star rating
"in San Bernardino, CA",4.5 star rating
"in San Bernardino, CA",4.5 star rating
"in San Bernardino, CA",4.5 star rating
"in San Bernardino, CA",3.5 star rating
"in San Bernardino, CA",4 star rating
"in San Bernardino, CA",4 star rating
"in San Bernardino, CA",4 star rating
"in San Bernardino, CA",3.5 star rating
"in San Bernardino, CA",3.5 star rating
"in Providence, RI",5 star rating
"in Providence, RI",4 star rating
"in Providence, RI",4 star rating
"in Providence, RI",4.5 star rating
"in Providence, RI",3.5 star rating
"in Providence, RI",4 star rating
"in Providence, RI",4 star rating
"in Providence, RI",4.5 star rating
"in Providence, RI",4 star rating
"in Providence, RI",4 star rating
"in Providence, RI",4.5 star rating
"in Providence, RI",4.5 star rating
"in Providence, RI",3.5 star rating
"in Providence, RI",3.5 star rating
"in Providence, RI",3 star rating
"in Providence, RI",4 star rating
"in Providence, RI",3.5 star rating
"in Providence, RI",4 star rating
"in Providence, RI",3.5 star rating
"in Providence, RI",3.5 star rating
"in Providence, RI",4.5 star rating
"in Providence, RI",4 star rating
"in Providence, RI",4 star rating
"in Providence, RI",3.5 star rating
"in Providence, RI",3.5 star rating
"in Providence, RI",4.5 star rating
"in Providence, RI",4.5 star rating
"in Providence, RI",4 star rating
"in Providence, RI",4 star rating
"in Providence, RI",4 star rating
"in Providence, RI",4.5 star rating
"in Providence, RI",4.5 star rating
"in Providence, RI",4 star rating
"in Providence, RI",3.5 star rating
"in Providence, RI",4 star rating
"in Providence, RI",3.5 star rating
"in Providence, RI",4 star rating
"in Providence, RI",3.5 star rating
"in Providence, RI",3.5 star rating
"in Providence, RI",4 star rating
"in Providence, RI",2.5 star rating
"in Providence, RI",4 star rating
"in Providence, RI",4 star rating
"in Providence, RI",3.5 star rating
"in Providence, RI",3.5 star rating
"in Providence, RI",4 star rating
"in Providence, RI",4 star rating
"in Providence, RI",4 star rating
"in Providence, RI",4 star rating
"in Providence, RI",4.5 star rating
"in Providence, RI",3.5 star rating
"in Providence, RI",3.5 star rating
"in Providence, RI",2.5 star rating
"in Providence, RI",4 star rating
"in Providence, RI",3.5 star rating
"in Providence, RI",3 star rating
"in Providence, RI",4 star rating
"in Providence, RI",4.5 star rating
"in Providence, RI",4 star rating
"in Providence, RI",3 star rating
"in Providence, RI",4 star rating
"in Providence, RI",4 star rating
"in Worcester, MA",4 star rating
"in Worcester, MA",4 star rating
"in Worcester, MA",4 star rating
"in Worcester, MA",3.5 star rating
"in Worcester, MA",3.5 star rating
"in Worcester, MA",4.5 star rating
"in Worcester, MA",3.5 star rating
"in Worcester, MA",4.5 star rating
"in Worcester, MA",4 star rating
"in Worcester, MA",3.5 star rating
"in Worcester, MA",3.5 star rating
"in Worcester, MA",2.5 star rating
"in Worcester, MA",4 star rating
"in Worcester, MA",4 star rating
"in Worcester, MA",3.5 star rating
"in Worcester, MA",3.5 star rating
"in Worcester, MA",4 star rating
"in Worcester, MA",4 star rating
"in Worcester, MA",3 star rating
"in Worcester, MA",3.5 star rating
"in Worcester, MA",4 star rating
"in Worcester, MA",4 star rating
"in Worcester, MA",3.5 star rating
"in Worcester, MA",4.5 star rating
"in Worcester, MA",3 star rating
"in Worcester, MA",4.5 star rating
"in Worcester, MA",4 star rating
"in Worcester, MA",3.5 star rating
"in Worcester, MA",3 star rating
"in Worcester, MA",4 star rating
"in Worcester, MA",4 star rating
"in Worcester, MA",4.5 star rating
"in Worcester, MA",4 star rating
"in Worcester, MA",4 star rating
"in Worcester, MA",4 star rating
"in Worcester, MA",4 star rating
"in Worcester, MA",4 star rating
"in Worcester, MA",4.5 star rating
"in Worcester, MA",4.5 star rating
"in Worcester, MA",3.5 star rating
"in Worcester, MA",4 star rating
"in Worcester, MA",4 star rating
"in Worcester, MA",3.5 star rating
"in Worcester, MA",4 star rating
"in Worcester, MA",4 star rating
"in Worcester, MA",4.5 star rating
"in Worcester, MA",4 star rating
"in Worcester, MA",5 star rating
"in Worcester, MA",3 star rating
"in Worcester, MA",4 star rating
"in Worcester, MA",3.5 star rating
"in Worcester, MA",4 star rating
"in Worcester, MA",3.5 star rating
"in Worcester, MA",4.5 star rating
"in Worcester, MA",4 star rating
"in Worcester, MA",4.5 star rating
"in Worcester, MA",5 star rating
"in Worcester, MA",4.5 star rating
"in Worcester, MA",4.5 star rating
"in Worcester, MA",4 star rating
"in Worcester, MA",4 star rating
"in Worcester, MA",2 star rating
"in Worcester, MA",4.5 star rating
"in Worcester, MA",4 star rating
"in Richmond, VA",4.5 star rating
"in Richmond, VA",4 star rating
"in Richmond, VA",4.5 star rating
"in Richmond, VA",3.5 star rating
"in Richmond, VA",3.5 star rating
"in Richmond, VA",4 star rating
"in Richmond, VA",3.5 star rating
"in Richmond, VA",4 star rating
"in Richmond, VA",4.5 star rating
"in Richmond, VA",4 star rating
"in Richmond, VA",4 star rating
"in Richmond, VA",3.5 star rating
"in Richmond, VA",4 star rating
"in Richmond, VA",4.5 star rating
"in Richmond, VA",4 star rating
"in Richmond, VA",3.5 star rating
"in Richmond, VA",3.5 star rating
"in Richmond, VA",4 star rating
"in Richmond, VA",5 star rating
"in Richmond, VA",3.5 star rating
"in Richmond, VA",3.5 star rating
"in Richmond, VA",3 star rating
"in Richmond, VA",4.5 star rating
"in Richmond, VA",4 star rating
"in Richmond, VA",4 star rating
"in Richmond, VA",4 star rating
"in Richmond, VA",4.5 star rating
"in Richmond, VA",4.5 star rating
"in Richmond, VA",4 star rating
"in Richmond, VA",3.5 star rating
"in Richmond, VA",4 star rating
"in Richmond, VA",3 star rating
"in Richmond, VA",4 star rating
"in Richmond, VA",4.5 star rating
"in Richmond, VA",4 star rating
"in Richmond, VA",4.5 star rating
"in Richmond, VA",4.5 star rating
"in Richmond, VA",4.5 star rating
"in Richmond, VA",4 star rating
"in Richmond, VA",4 star rating
"in Richmond, VA",4 star rating
"in Richmond, VA",4.5 star rating
"in Richmond, VA",4 star rating
"in Richmond, VA",3.5 star rating
"in Richmond, VA",4 star rating
"in Richmond, VA",4.5 star rating
"in Richmond, VA",3.5 star rating
"in Richmond, VA",4 star rating
"in Richmond, VA",4 star rating
"in Richmond, VA",4.5 star rating
"in Richmond, VA",3.5 star rating
"in Richmond, VA",3.5 star rating
"in Richmond, VA",4.5 star rating
"in Richmond, VA",4 star rating
"in Richmond, VA",3.5 star rating
"in Richmond, VA",4 star rating
"in Richmond, VA",3.5 star rating
"in Richmond, VA",4.5 star rating
"in Richmond, VA",3 star rating
"in Richmond, VA",4 star rating
"in Richmond, VA",3 star rating
"in Richmond, VA",4 star rating
"in Richmond, VA",3 star rating
"in Richmond, VA",4 star rating
"in Richmond, VA",3.5 star rating
"in Richmond, VA",4 star rating
"in Richmond, VA",4 star rating
"in Richmond, VA",4 star rating
"in Richmond, VA",4 star rating
"in Richmond, VA",3.5 star rating
"in Richmond, VA",4 star rating
"in Richmond, VA",4 star rating
"in Richmond, VA",3.5 star rating
"in Richmond, VA",4 star rating
"in Richmond, VA",4 star rating
"in Richmond, VA",4 star rating
"in Richmond, VA",3.5 star rating
"in Richmond, VA",3.5 star rating
"in Richmond, VA",3.5 star rating
"in Richmond, VA",4 star rating
"in Richmond, VA",4 star rating
"in Richmond, VA",4 star rating
"in Richmond, VA",3.5 star rating
"in Richmond, VA",4.5 star rating
"in Richmond, VA",4.5 star rating
"in Richmond, VA",4 star rating
"in Richmond, VA",4 star rating
"in Richmond, VA",4 star rating
"in Richmond, VA",4.5 star rating
"in Richmond, VA",4.5 star rating
"in Richmond, VA",4.5 star rating
"in Richmond, VA",4 star rating
"in Richmond, VA",4 star rating
"in Richmond, VA",4 star rating
"in Richmond, VA",4 star rating
"in Richmond, VA",3.5 star rating
"in Richmond, VA",3.5 star rating
"in Richmond, VA",4.5 star rating
"in Richmond, VA",4 star rating
"in Richmond, VA",4 star rating
"in Richmond, VA",3.5 star rating
"in Richmond, VA",4 star rating
"in Richmond, VA",4 star rating
"in Richmond, VA",4 star rating
"in Richmond, VA",4.5 star rating
"in Richmond, VA",3.5 star rating
"in Richmond, VA",4 star rating
"in Richmond, VA",3.5 star rating
"in Richmond, VA",3.5 star rating
"in Richmond, VA",4.5 star rating
"in Richmond, VA",3.5 star rating
"in Richmond, VA",4 star rating
"in Richmond, VA",3.5 star rating
"in Richmond, VA",4 star rating
"in Richmond, VA",4 star rating
"in Richmond, VA",4 star rating
"in Richmond, VA",4 star rating
"in Des Moines, IA",4.5 star rating
"in Des Moines, IA",4.5 star rating
"in Des Moines, IA",4 star rating
"in Des Moines, IA",4.5 star rating
"in Des Moines, IA",3.5 star rating
"in Des Moines, IA",4.5 star rating
"in Des Moines, IA",4.5 star rating
"in Des Moines, IA",4 star rating
"in Des Moines, IA",4 star rating
"in Des Moines, IA",4 star rating
"in Des Moines, IA",4.5 star rating
"in Des Moines, IA",3.5 star rating
"in Des Moines, IA",4.5 star rating
"in Des Moines, IA",3.5 star rating
"in Des Moines, IA",3.5 star rating
"in Des Moines, IA",3 star rating
"in Des Moines, IA",3.5 star rating
"in Des Moines, IA",4 star rating
"in Des Moines, IA",4 star rating
"in Des Moines, IA",4 star rating
"in Des Moines, IA",4 star rating
"in Des Moines, IA",4 star rating
"in Des Moines, IA",3.5 star rating
"in Des Moines, IA",4 star rating
"in Des Moines, IA",3.5 star rating
"in Des Moines, IA",4 star rating
"in Des Moines, IA",4 star rating
"in Des Moines, IA",4 star rating
"in Des Moines, IA",4 star rating
"in Des Moines, IA",4.5 star rating
"in Des Moines, IA",3.5 star rating
"in Des Moines, IA",3.5 star rating
"in Des Moines, IA",4.5 star rating
"in Des Moines, IA",4.5 star rating
"in Des Moines, IA",4 star rating
"in Des Moines, IA",4 star rating
"in Des Moines, IA",3.5 star rating
"in Des Moines, IA",4.5 star rating
"in Des Moines, IA",3.5 star rating
"in Des Moines, IA",3.5 star rating
"in Des Moines, IA",4 star rating
"in Des Moines, IA",4 star rating
"in Des Moines, IA",4 star rating
"in Des Moines, IA",4 star rating
"in Des Moines, IA",3.5 star rating
"in Des Moines, IA",4 star rating
"in Des Moines, IA",4.5 star rating
"in Des Moines, IA",3.5 star rating
"in Des Moines, IA",3.5 star rating
"in Des Moines, IA",4 star rating
"in Des Moines, IA",4.5 star rating
"in Des Moines, IA",4 star rating
"in Des Moines, IA",4 star rating
"in Des Moines, IA",3.5 star rating
"in Des Moines, IA",3.5 star rating
"in Des Moines, IA",4 star rating
"in Des Moines, IA",4.5 star rating
"in Des Moines, IA",4 star rating
"in Des Moines, IA",3.5 star rating
"in Des Moines, IA",3 star rating
"in Des Moines, IA",4 star rating
"in Des Moines, IA",4.5 star rating
"in Des Moines, IA",4.5 star rating
"in Des Moines, IA",4.5 star rating
"in Des Moines, IA",5 star rating
"in Des Moines, IA",3.5 star rating
"in Des Moines, IA",4 star rating
"in Des Moines, IA",4 star rating
"in Des Moines, IA",4 star rating
"in Des Moines, IA",4 star rating
"in Des Moines, IA",4 star rating
"in Des Moines, IA",4 star rating
"in Des Moines, IA",4 star rating
"in Des Moines, IA",4 star rating
"in Des Moines, IA",4 star rating
"in Des Moines, IA",4.5 star rating
"in Des Moines, IA",3 star rating
"in Des Moines, IA",4 star rating
"in Des Moines, IA",4.5 star rating
"in Des Moines, IA",4.5 star rating
"in Des Moines, IA",4.5 star rating
"in Des Moines, IA",3.5 star rating
"in Des Moines, IA",4 star rating
"in Des Moines, IA",3.5 star rating
"in Des Moines, IA",4 star rating
"in Des Moines, IA",3.5 star rating
"in Des Moines, IA",3.5 star rating
"in Des Moines, IA",4.5 star rating
"in Des Moines, IA",4 star rating
"in Des Moines, IA",3 star rating
"in Des Moines, IA",3.5 star rating
"in Des Moines, IA",3 star rating
"in Des Moines, IA",4 star rating
"in Des Moines, IA",4 star rating
"in Des Moines, IA",3.5 star rating
"in Des Moines, IA",4.5 star rating
"in Des Moines, IA",4.5 star rating
"in Des Moines, IA",4 star rating
"in Des Moines, IA",4 star rating
"in Des Moines, IA",4 star rating
"in Des Moines, IA",4 star rating
"in Des Moines, IA",4.5 star rating
"in Des Moines, IA",4 star rating
"in Des Moines, IA",4 star rating
"in Des Moines, IA",4.5 star rating
"in Des Moines, IA",4.5 star rating
"in Des Moines, IA",4 star rating
"in Des Moines, IA",4.5 star rating
"in Des Moines, IA",4 star rating
"in Des Moines, IA",4 star rating
"in Des Moines, IA",3.5 star rating
"in Des Moines, IA",4 star rating
"in Des Moines, IA",3.5 star rating
"in Des Moines, IA",4 star rating
"in Des Moines, IA",4.5 star rating
"in Des Moines, IA",4.5 star rating
"in Des Moines, IA",4 star rating
"in Des Moines, IA",4 star rating
"in Des Moines, IA",4.5 star rating
"in Des Moines, IA",4.5 star rating
"in Des Moines, IA",4 star rating
"in Des Moines, IA",3.5 star rating
"in Des Moines, IA",4 star rating
"in Des Moines, IA",3.5 star rating
"in Des Moines, IA",3 star rating
"in Des Moines, IA",4 star rating
"in Des Moines, IA",4 star rating
"in Des Moines, IA",4 star rating
"in Boise, ID",4.5 star rating
"in Boise, ID",4.5 star rating
"in Boise, ID",4 star rating
"in Boise, ID",4.5 star rating
"in Boise, ID",4 star rating
"in Boise, ID",3.5 star rating
"in Boise, ID",4 star rating
"in Boise, ID",3.5 star rating
"in Boise, ID",4.5 star rating
"in Boise, ID",4.5 star rating
"in Boise, ID",4.5 star rating
"in Boise, ID",3.5 star rating
"in Boise, ID",2.5 star rating
"in Boise, ID",3.5 star rating
"in Boise, ID",3.5 star rating
"in Boise, ID",4 star rating
"in Boise, ID",3 star rating
"in Boise, ID",3.5 star rating
"in Boise, ID",4.5 star rating
"in Boise, ID",3.5 star rating
"in Boise, ID",4.5 star rating
"in Boise, ID",4.5 star rating
"in Boise, ID",4 star rating
"in Boise, ID",4 star rating
"in Boise, ID",4 star rating
"in Boise, ID",3 star rating
"in Boise, ID",3.5 star rating
"in Boise, ID",3 star rating
"in Boise, ID",4.5 star rating
"in Boise, ID",3.5 star rating
"in Boise, ID",3.5 star rating
"in Boise, ID",4 star rating
"in Boise, ID",4 star rating
"in Boise, ID",4 star rating
"in Boise, ID",4 star rating
"in Boise, ID",4.5 star rating
"in Boise, ID",4 star rating
"in Boise, ID",4 star rating
"in Boise, ID",3 star rating
"in Boise, ID",4 star rating
"in Boise, ID",4 star rating
"in Boise, ID",3.5 star rating
"in Boise, ID",3.5 star rating
"in Boise, ID",4 star rating
"in Boise, ID",3 star rating
"in Boise, ID",3.5 star rating
"in Boise, ID",4.5 star rating
"in Boise, ID",4 star rating
"in Boise, ID",2.5 star rating
"in Boise, ID",4.5 star rating
"in Boise, ID",4 star rating
"in Boise, ID",4 star rating
"in Boise, ID",3.5 star rating
"in Boise, ID",4.5 star rating
"in Boise, ID",4 star rating
"in Boise, ID",4 star rating
"in Boise, ID",4.5 star rating
"in Boise, ID",4 star rating
"in Boise, ID",3.5 star rating
"in Boise, ID",4 star rating
"in Boise, ID",3.5 star rating
"in Boise, ID",4 star rating
"in Boise, ID",3.5 star rating
"in Boise, ID",4.5 star rating
"in Boise, ID",3.5 star rating
"in Boise, ID",4.5 star rating
"in Boise, ID",4 star rating
"in Boise, ID",3.5 star rating
"in Boise, ID",4.5 star rating
"in Boise, ID",3.5 star rating
"in Boise, ID",3.5 star rating
"in Boise, ID",4 star rating
"in Boise, ID",3.5 star rating
"in Boise, ID",4.5 star rating
"in Boise, ID",3.5 star rating
"in Boise, ID",4 star rating
"in Boise, ID",3 star rating
"in Boise, ID",4.5 star rating
"in Boise, ID",4 star rating
"in Boise, ID",4.5 star rating
"in Boise, ID",4.5 star rating
"in Boise, ID",4 star rating
"in Boise, ID",3 star rating
"in Boise, ID",4 star rating
"in Boise, ID",4 star rating
"in Boise, ID",4 star rating
"in Boise, ID",4.5 star rating
"in Boise, ID",3 star rating
"in Boise, ID",4 star rating
"in Boise, ID",4.5 star rating
"in Boise, ID",4.5 star rating
"in Boise, ID",4 star rating
"in Boise, ID",4 star rating
"in Boise, ID",3.5 star rating
"in Boise, ID",3.5 star rating
"in Boise, ID",4.5 star rating
"in Boise, ID",4.5 star rating
"in Boise, ID",4 star rating
"in Boise, ID",4 star rating
"in Boise, ID",4.5 star rating
"in Boise, ID",4.5 star rating
"in Boise, ID",4 star rating
"in Boise, ID",4 star rating
"in Boise, ID",4 star rating
"in Boise, ID",4 star rating
"in Boise, ID",4 star rating
"in Boise, ID",4.5 star rating
"in Boise, ID",4.5 star rating
"in Boise, ID",3.5 star rating
"in Boise, ID",4 star rating
"in Boise, ID",4.5 star rating
"in Boise, ID",4.5 star rating
"in Boise, ID",4 star rating
"in Boise, ID",4 star rating
"in Boise, ID",4 star rating
"in Boise, ID",3.5 star rating
"in Boise, ID",4.5 star rating
"in Boise, ID",4.5 star rating
"in Boise, ID",4 star rating
"in Boise, ID",4 star rating
"in Boise, ID",4 star rating
"in Boise, ID",4 star rating
"in Boise, ID",4.5 star rating
"in Boise, ID",4 star rating
"in Boise, ID",4.5 star rating
"in Boise, ID",4 star rating
"in Boise, ID",3.5 star rating
"in Boise, ID",4.5 star rating
"in Rochester, NY",4.5 star rating
"in Rochester, NY",4 star rating
"in Rochester, NY",4 star rating
"in Rochester, NY",4 star rating
"in Rochester, NY",4.5 star rating
"in Rochester, NY",3.5 star rating
"in Rochester, NY",4.5 star rating
"in Rochester, NY",3.5 star rating
"in Rochester, NY",4 star rating
"in Rochester, NY",4 star rating
"in Rochester, NY",4 star rating
"in Rochester, NY",4 star rating
"in Rochester, NY",4 star rating
"in Rochester, NY",3 star rating
"in Rochester, NY",4 star rating
"in Rochester, NY",4 star rating
"in Rochester, NY",3.5 star rating
"in Rochester, NY",3.5 star rating
"in Rochester, NY",2.5 star rating
"in Rochester, NY",4 star rating
"in Rochester, NY",4.5 star rating
"in Rochester, NY",4.5 star rating
"in Rochester, NY",4.5 star rating
"in Rochester, NY",3 star rating
"in Rochester, NY",4 star rating
"in Rochester, NY",3 star rating
"in Rochester, NY",4.5 star rating
"in Rochester, NY",4 star rating
"in Rochester, NY",3.5 star rating
"in Rochester, NY",4 star rating
"in Rochester, NY",4 star rating
"in Rochester, NY",4.5 star rating
"in Rochester, NY",4 star rating
"in Rochester, NY",3.5 star rating
"in Rochester, NY",4.5 star rating
"in Rochester, NY",4 star rating
"in Rochester, NY",4 star rating
"in Rochester, NY",4 star rating
"in Rochester, NY",4 star rating
"in Rochester, NY",3.5 star rating
"in Rochester, NY",4.5 star rating
"in Rochester, NY",3 star rating
"in Rochester, NY",3.5 star rating
"in Rochester, NY",3.5 star rating
"in Rochester, NY",4 star rating
"in Rochester, NY",4.5 star rating
"in Rochester, NY",3.5 star rating
"in Rochester, NY",4.5 star rating
"in Rochester, NY",4 star rating
"in Rochester, NY",4 star rating
"in Rochester, NY",3.5 star rating
"in Rochester, NY",4.5 star rating
"in Rochester, NY",3.5 star rating
"in Rochester, NY",4 star rating
"in Rochester, NY",4 star rating
"in Rochester, NY",4 star rating
"in Rochester, NY",4 star rating
"in Rochester, NY",3.5 star rating
"in Rochester, NY",4.5 star rating
"in Rochester, NY",3.5 star rating
"in Rochester, NY",4.5 star rating
"in Rochester, NY",3.5 star rating
"in Rochester, NY",3.5 star rating
"in Rochester, NY",4 star rating
"in Rochester, NY",4 star rating
"in Rochester, NY",3 star rating
"in Rochester, NY",4 star rating
"in Rochester, NY",3 star rating
"in Rochester, NY",4 star rating
"in Rochester, NY",4 star rating
"in Rochester, NY",4 star rating
"in Rochester, NY",4 star rating
"in Rochester, NY",4 star rating
"in Rochester, NY",3.5 star rating
"in Rochester, NY",4 star rating
"in Rochester, NY",4.5 star rating
"in Rochester, NY",4.5 star rating
"in Rochester, NY",4.5 star rating
"in Rochester, NY",4.5 star rating
"in Rochester, NY",3.5 star rating
"in Rochester, NY",3.5 star rating
"in Rochester, NY",4 star rating
"in Rochester, NY",4 star rating
"in Rochester, NY",4 star rating
"in Rochester, NY",4 star rating
"in Rochester, NY",4 star rating
"in Rochester, NY",4 star rating
"in Rochester, NY",3.5 star rating
"in Rochester, NY",3.5 star rating
"in Rochester, NY",4 star rating
"in Rochester, NY",4 star rating
"in Rochester, NY",3 star rating
"in Rochester, NY",4 star rating
"in Rochester, NY",4 star rating
"in Rochester, NY",4 star rating
"in Rochester, NY",4.5 star rating
"in Rochester, NY",4 star rating
"in Rochester, NY",4.5 star rating
"in Rochester, NY",4 star rating
"in Rochester, NY",4.5 star rating
"in Rochester, NY",4.5 star rating
"in Rochester, NY",4 star rating
"in Rochester, NY",4 star rating
"in Rochester, NY",3.5 star rating
"in Rochester, NY",4 star rating
"in Rochester, NY",3 star rating
"in Rochester, NY",4 star rating
"in Rochester, NY",4 star rating
"in Rochester, NY",4 star rating
"in Rochester, NY",3.5 star rating
"in Rochester, NY",4 star rating
"in Rochester, NY",4.5 star rating
"in Rochester, NY",4 star rating
"in Rochester, NY",4.5 star rating
"in Rochester, NY",4.5 star rating
"in Rochester, NY",3.5 star rating
"in Rochester, NY",3.5 star rating
"in Rochester, NY",4 star rating
"in Rochester, NY",3.5 star rating
"in Rochester, NY",4 star rating
"in Rochester, NY",4.5 star rating
"in Rochester, NY",4 star rating
"in Rochester, NY",4 star rating
"in Rochester, NY",4 star rating
"in Rochester, NY",4 star rating
"in Rochester, NY",3.5 star rating
"in Rochester, NY",2.5 star rating
"in Rochester, NY",4.5 star rating
